10.160.4.76,,
05-15-2018 05:00:12.4,82,22
05-15-2018 05:00:13.0,81,22
05-15-2018 05:00:13.8,46,1
05-15-2018 05:00:15.0,82,10
05-15-2018 05:00:15.7,81,10
05-15-2018 05:00:19.8,46,5
05-15-2018 05:00:22.8,82,15
05-15-2018 05:00:23.5,81,15
05-15-2018 05:00:31.4,82,4
05-15-2018 05:00:31.4,2,4
05-15-2018 05:00:31.4,43,4
05-15-2018 05:00:32.3,82,12
05-15-2018 05:00:32.7,81,12
05-15-2018 05:00:34.3,150,5
05-15-2018 05:00:34.3,48,2
05-15-2018 05:00:34.3,48,6
05-15-2018 05:00:34.4,82,2
05-15-2018 05:00:34.4,150,1
05-15-2018 05:00:34.5,81,2
05-15-2018 05:00:40.4,4,2
05-15-2018 05:00:52.4,82,15
05-15-2018 05:00:52.7,81,15
05-15-2018 05:01:03.4,82,22
05-15-2018 05:01:03.9,81,22
05-15-2018 05:01:06.8,82,10
05-15-2018 05:01:07.2,81,10
05-15-2018 05:01:11.1,82,12
05-15-2018 05:01:11.4,81,12
05-15-2018 05:01:13.1,82,2
05-15-2018 05:01:13.2,81,2
05-15-2018 05:01:13.4,4,2
05-15-2018 05:01:15.3,82,15
05-15-2018 05:01:15.7,81,15
05-15-2018 05:01:34.8,82,22
05-15-2018 05:01:35.3,81,22
05-15-2018 05:01:36.9,82,22
05-15-2018 05:01:37.2,81,22
05-15-2018 05:01:37.6,82,10
05-15-2018 05:01:38.1,81,10
05-15-2018 05:01:39.7,82,10
05-15-2018 05:01:40.0,81,10
05-15-2018 05:01:53.6,82,11
05-15-2018 05:01:54.7,81,11
05-15-2018 05:01:56.4,82,2
05-15-2018 05:01:56.4,82,22
05-15-2018 05:01:56.5,81,2
05-15-2018 05:01:56.7,81,22
05-15-2018 05:01:56.7,4,2
05-15-2018 05:01:58.4,82,10
05-15-2018 05:01:58.7,81,10
05-15-2018 05:01:59.3,42,6
05-15-2018 05:01:59.3,46,6
05-15-2018 05:02:01.3,82,22
05-15-2018 05:02:01.5,81,22
05-15-2018 05:02:03.6,82,10
05-15-2018 05:02:04.0,81,10
05-15-2018 05:02:04.4,82,15
05-15-2018 05:02:04.6,81,15
05-15-2018 05:02:05.3,42,2
05-15-2018 05:02:05.3,46,2
05-15-2018 05:02:09.3,151,3
05-15-2018 05:02:09.3,47,2
05-15-2018 05:02:09.3,47,3
05-15-2018 05:02:09.3,47,6
05-15-2018 05:02:09.3,49,3
05-15-2018 05:02:09.5,48,3
05-15-2018 05:02:10.8,82,15
05-15-2018 05:02:11.1,81,15
05-15-2018 05:02:27.2,46,3
05-15-2018 05:02:35.2,82,11
05-15-2018 05:02:36.0,81,11
05-15-2018 05:02:37.2,151,4
05-15-2018 05:02:37.2,7,2
05-15-2018 05:02:37.2,7,6
05-15-2018 05:02:37.2,8,2
05-15-2018 05:02:37.2,8,6
05-15-2018 05:02:37.2,6,6
05-15-2018 05:02:37.2,47,4
05-15-2018 05:02:37.2,49,4
05-15-2018 05:02:37.3,151,1
05-15-2018 05:02:37.3,151,5
05-15-2018 05:02:37.3,151,7
05-15-2018 05:02:37.3,151,8
05-15-2018 05:02:37.3,2,2
05-15-2018 05:02:37.3,2,6
05-15-2018 05:02:37.3,47,1
05-15-2018 05:02:37.3,47,5
05-15-2018 05:02:37.3,49,1
05-15-2018 05:02:37.3,49,5
05-15-2018 05:02:39.7,82,2
05-15-2018 05:02:39.8,81,2
05-15-2018 05:02:41.2,9,2
05-15-2018 05:02:41.2,9,6
05-15-2018 05:02:41.2,10,2
05-15-2018 05:02:41.2,10,6
05-15-2018 05:02:42.2,12,2
05-15-2018 05:02:42.2,12,6
05-15-2018 05:02:42.2,11,2
05-15-2018 05:02:42.2,11,6
05-15-2018 05:02:42.2,0,4
05-15-2018 05:02:42.2,1,4
05-15-2018 05:02:42.2,31,1
05-15-2018 05:02:42.3,49,2
05-15-2018 05:02:42.3,49,6
05-15-2018 05:02:42.3,48,4
05-15-2018 05:02:42.3,41,2
05-15-2018 05:02:42.3,41,6
05-15-2018 05:02:44.2,82,12
05-15-2018 05:02:44.6,81,12
05-15-2018 05:02:44.9,82,14
05-15-2018 05:02:45.8,81,4
05-15-2018 05:02:45.8,82,11
05-15-2018 05:02:45.8,44,4
05-15-2018 05:02:46.1,3,4
05-15-2018 05:02:46.3,81,14
05-15-2018 05:02:46.4,81,11
05-15-2018 05:02:47.4,82,2
05-15-2018 05:02:47.6,81,2
05-15-2018 05:02:48.5,7,4
05-15-2018 05:02:48.5,8,4
05-15-2018 05:02:48.5,4,4
05-15-2018 05:02:49.7,82,2
05-15-2018 05:02:49.8,81,2
05-15-2018 05:02:52.0,9,4
05-15-2018 05:02:52.0,10,4
05-15-2018 05:02:52.2,82,22
05-15-2018 05:02:52.6,81,22
05-15-2018 05:02:53.0,12,4
05-15-2018 05:02:53.0,11,4
05-15-2018 05:02:53.0,0,2
05-15-2018 05:02:53.0,0,6
05-15-2018 05:02:53.0,1,2
05-15-2018 05:02:53.0,1,6
05-15-2018 05:02:53.0,31,1
05-15-2018 05:02:53.1,43,6
05-15-2018 05:02:53.2,4,2
05-15-2018 05:02:55.7,82,10
05-15-2018 05:02:56.2,81,10
05-15-2018 05:02:56.4,82,22
05-15-2018 05:02:56.8,81,22
05-15-2018 05:02:59.6,82,10
05-15-2018 05:03:00.0,81,10
05-15-2018 05:03:04.5,82,15
05-15-2018 05:03:04.9,81,15
05-15-2018 05:03:05.8,46,4
05-15-2018 05:03:05.9,82,3
05-15-2018 05:03:05.9,2,3
05-15-2018 05:03:05.9,43,3
05-15-2018 05:03:09.0,3,2
05-15-2018 05:03:09.0,3,6
05-15-2018 05:03:15.8,44,6
05-15-2018 05:03:16.0,48,1
05-15-2018 05:03:16.0,48,5
05-15-2018 05:03:16.8,82,22
05-15-2018 05:03:17.2,81,22
05-15-2018 05:03:19.3,82,10
05-15-2018 05:03:19.5,81,10
05-15-2018 05:03:19.7,82,12
05-15-2018 05:03:20.0,81,12
05-15-2018 05:03:21.5,82,2
05-15-2018 05:03:21.7,81,2
05-15-2018 05:03:22.2,82,22
05-15-2018 05:03:22.6,81,22
05-15-2018 05:03:22.7,82,22
05-15-2018 05:03:22.9,81,22
05-15-2018 05:03:25.0,82,10
05-15-2018 05:03:25.4,81,10
05-15-2018 05:03:25.5,82,10
05-15-2018 05:03:25.8,81,10
05-15-2018 05:03:26.4,82,15
05-15-2018 05:03:26.6,81,15
05-15-2018 05:03:27.6,4,2
05-15-2018 05:03:33.2,82,15
05-15-2018 05:03:33.6,81,15
05-15-2018 05:03:33.7,46,1
05-15-2018 05:03:33.8,82,15
05-15-2018 05:03:34.0,81,15
05-15-2018 05:03:36.3,82,12
05-15-2018 05:03:36.7,81,12
05-15-2018 05:03:39.1,82,2
05-15-2018 05:03:39.2,81,2
05-15-2018 05:03:39.7,46,5
05-15-2018 05:03:41.1,4,2
05-15-2018 05:03:45.9,82,12
05-15-2018 05:03:46.1,81,12
05-15-2018 05:03:46.3,82,22
05-15-2018 05:03:46.7,81,22
05-15-2018 05:03:48.2,82,2
05-15-2018 05:03:48.3,81,2
05-15-2018 05:03:48.5,4,2
05-15-2018 05:03:48.7,82,10
05-15-2018 05:03:49.0,81,10
05-15-2018 05:03:54.2,150,5
05-15-2018 05:03:54.2,48,2
05-15-2018 05:03:54.2,48,6
05-15-2018 05:03:54.3,150,1
05-15-2018 05:04:14.6,82,12
05-15-2018 05:04:15.0,81,12
05-15-2018 05:04:16.2,82,11
05-15-2018 05:04:16.5,81,11
05-15-2018 05:04:16.8,82,2
05-15-2018 05:04:16.9,81,2
05-15-2018 05:04:17.1,4,2
05-15-2018 05:04:18.5,82,2
05-15-2018 05:04:18.6,81,2
05-15-2018 05:04:18.8,4,2
05-15-2018 05:04:24.2,82,12
05-15-2018 05:04:24.5,81,12
05-15-2018 05:04:26.5,82,2
05-15-2018 05:04:26.7,81,2
05-15-2018 05:04:26.9,4,2
05-15-2018 05:04:29.7,82,11
05-15-2018 05:04:30.1,81,11
05-15-2018 05:04:32.3,82,2
05-15-2018 05:04:32.4,81,2
05-15-2018 05:04:32.6,4,2
05-15-2018 05:04:36.0,82,12
05-15-2018 05:04:36.2,81,12
05-15-2018 05:04:38.3,82,2
05-15-2018 05:04:38.4,81,2
05-15-2018 05:04:38.6,4,2
05-15-2018 05:05:04.7,82,4
05-15-2018 05:05:04.7,2,4
05-15-2018 05:05:04.7,43,4
05-15-2018 05:05:06.7,81,4
05-15-2018 05:05:06.7,44,4
05-15-2018 05:05:08.8,82,4
05-15-2018 05:05:08.8,2,4
05-15-2018 05:05:08.8,43,4
05-15-2018 05:05:11.9,82,22
05-15-2018 05:05:12.6,81,22
05-15-2018 05:05:14.3,82,10
05-15-2018 05:05:14.9,81,10
05-15-2018 05:05:18.8,82,22
05-15-2018 05:05:19.2,42,6
05-15-2018 05:05:19.2,46,6
05-15-2018 05:05:19.3,81,22
05-15-2018 05:05:21.1,82,15
05-15-2018 05:05:21.6,82,10
05-15-2018 05:05:21.7,81,15
05-15-2018 05:05:22.0,81,10
05-15-2018 05:05:25.2,42,2
05-15-2018 05:05:25.2,46,2
05-15-2018 05:05:29.2,151,3
05-15-2018 05:05:29.2,7,2
05-15-2018 05:05:29.2,7,6
05-15-2018 05:05:29.2,8,2
05-15-2018 05:05:29.2,8,6
05-15-2018 05:05:29.2,6,6
05-15-2018 05:05:29.2,47,2
05-15-2018 05:05:29.2,47,3
05-15-2018 05:05:29.2,47,6
05-15-2018 05:05:29.2,49,3
05-15-2018 05:05:29.3,151,1
05-15-2018 05:05:29.3,151,4
05-15-2018 05:05:29.3,151,5
05-15-2018 05:05:29.3,151,7
05-15-2018 05:05:29.3,151,8
05-15-2018 05:05:29.3,2,2
05-15-2018 05:05:29.3,2,6
05-15-2018 05:05:29.3,47,1
05-15-2018 05:05:29.3,47,4
05-15-2018 05:05:29.3,47,5
05-15-2018 05:05:29.3,49,1
05-15-2018 05:05:29.3,49,4
05-15-2018 05:05:29.3,49,5
05-15-2018 05:05:33.2,9,2
05-15-2018 05:05:33.2,9,6
05-15-2018 05:05:33.2,10,2
05-15-2018 05:05:33.2,10,6
05-15-2018 05:05:34.2,12,2
05-15-2018 05:05:34.2,12,6
05-15-2018 05:05:34.2,11,2
05-15-2018 05:05:34.2,11,6
05-15-2018 05:05:34.2,0,3
05-15-2018 05:05:34.2,1,3
05-15-2018 05:05:34.2,31,1
05-15-2018 05:05:34.3,49,2
05-15-2018 05:05:34.3,49,6
05-15-2018 05:05:34.3,48,3
05-15-2018 05:05:34.3,41,2
05-15-2018 05:05:34.3,41,6
05-15-2018 05:05:37.2,3,3
05-15-2018 05:05:38.1,82,18
05-15-2018 05:05:38.3,81,3
05-15-2018 05:05:38.3,44,3
05-15-2018 05:05:39.6,81,18
05-15-2018 05:05:42.1,7,3
05-15-2018 05:05:42.1,8,3
05-15-2018 05:05:42.1,4,3
05-15-2018 05:05:43.5,82,16
05-15-2018 05:05:44.6,81,16
05-15-2018 05:05:45.6,9,3
05-15-2018 05:05:45.6,10,3
05-15-2018 05:05:46.6,12,3
05-15-2018 05:05:46.6,11,3
05-15-2018 05:05:46.6,0,4
05-15-2018 05:05:46.6,1,4
05-15-2018 05:05:47.2,82,22
05-15-2018 05:05:47.9,46,3
05-15-2018 05:05:48.2,81,22
05-15-2018 05:05:49.8,82,10
05-15-2018 05:05:49.9,82,13
05-15-2018 05:05:50.6,3,4
05-15-2018 05:05:50.9,81,10
05-15-2018 05:05:51.0,81,4
05-15-2018 05:05:51.0,81,13
05-15-2018 05:05:51.0,44,4
05-15-2018 05:05:51.3,82,13
05-15-2018 05:05:51.6,81,13
05-15-2018 05:05:53.8,7,4
05-15-2018 05:05:53.8,8,4
05-15-2018 05:05:53.8,4,4
05-15-2018 05:05:57.3,9,4
05-15-2018 05:05:57.3,10,4
05-15-2018 05:05:58.3,12,4
05-15-2018 05:05:58.3,11,4
05-15-2018 05:05:58.3,0,2
05-15-2018 05:05:58.3,0,6
05-15-2018 05:05:58.3,1,2
05-15-2018 05:05:58.3,1,6
05-15-2018 05:05:58.3,31,1
05-15-2018 05:05:58.4,48,4
05-15-2018 05:05:58.4,43,6
05-15-2018 05:05:58.5,4,2
05-15-2018 05:05:58.7,82,22
05-15-2018 05:05:59.2,81,22
05-15-2018 05:06:01.9,82,10
05-15-2018 05:06:02.5,81,10
05-15-2018 05:06:05.0,82,15
05-15-2018 05:06:06.4,81,15
05-15-2018 05:06:07.0,82,12
05-15-2018 05:06:07.3,81,12
05-15-2018 05:06:09.4,82,2
05-15-2018 05:06:09.6,81,2
05-15-2018 05:06:12.0,82,15
05-15-2018 05:06:12.6,81,15
05-15-2018 05:06:14.3,3,2
05-15-2018 05:06:14.3,3,6
05-15-2018 05:06:14.6,82,11
05-15-2018 05:06:14.8,82,22
05-15-2018 05:06:14.9,81,11
05-15-2018 05:06:15.1,81,22
05-15-2018 05:06:15.5,4,2
05-15-2018 05:06:17.0,82,10
05-15-2018 05:06:17.3,82,2
05-15-2018 05:06:17.4,81,2
05-15-2018 05:06:17.4,81,10
05-15-2018 05:06:20.5,82,5
05-15-2018 05:06:22.2,82,17
05-15-2018 05:06:22.8,81,5
05-15-2018 05:06:23.4,81,17
05-15-2018 05:06:23.5,82,15
05-15-2018 05:06:23.8,81,15
05-15-2018 05:06:25.9,46,4
05-15-2018 05:06:26.0,82,21
05-15-2018 05:06:26.3,81,21
05-15-2018 05:06:28.6,82,9
05-15-2018 05:06:28.7,4,2
05-15-2018 05:06:29.0,81,9
05-15-2018 05:06:34.4,82,12
05-15-2018 05:06:34.6,81,12
05-15-2018 05:06:35.8,82,22
05-15-2018 05:06:35.9,44,6
05-15-2018 05:06:36.1,81,22
05-15-2018 05:06:36.1,82,2
05-15-2018 05:06:36.1,48,1
05-15-2018 05:06:36.1,48,5
05-15-2018 05:06:36.3,81,2
05-15-2018 05:06:36.7,82,16
05-15-2018 05:06:37.2,81,16
05-15-2018 05:06:38.1,82,10
05-15-2018 05:06:38.4,81,10
05-15-2018 05:06:42.2,4,2
05-15-2018 05:06:42.3,82,21
05-15-2018 05:06:42.6,81,21
05-15-2018 05:06:44.7,82,9
05-15-2018 05:06:44.9,81,9
05-15-2018 05:06:45.8,82,15
05-15-2018 05:06:46.1,81,15
05-15-2018 05:06:51.0,82,12
05-15-2018 05:06:51.7,81,12
05-15-2018 05:06:51.8,82,16
05-15-2018 05:06:52.1,81,16
05-15-2018 05:06:53.9,46,1
05-15-2018 05:06:54.5,82,2
05-15-2018 05:06:54.6,81,2
05-15-2018 05:06:59.9,46,5
05-15-2018 05:07:00.5,4,2
05-15-2018 05:07:14.3,150,5
05-15-2018 05:07:14.3,48,2
05-15-2018 05:07:14.3,48,6
05-15-2018 05:07:14.4,150,1
05-15-2018 05:07:14.8,82,22
05-15-2018 05:07:15.2,81,22
05-15-2018 05:07:17.3,82,10
05-15-2018 05:07:17.6,81,10
05-15-2018 05:07:24.7,82,15
05-15-2018 05:07:25.0,81,15
05-15-2018 05:07:49.2,82,12
05-15-2018 05:07:49.6,81,12
05-15-2018 05:07:51.8,82,2
05-15-2018 05:07:51.9,81,2
05-15-2018 05:07:53.0,82,12
05-15-2018 05:07:53.2,81,12
05-15-2018 05:07:55.0,82,2
05-15-2018 05:07:55.1,81,2
05-15-2018 05:07:55.1,82,22
05-15-2018 05:07:55.5,81,22
05-15-2018 05:07:57.4,82,10
05-15-2018 05:07:57.8,81,10
05-15-2018 05:08:01.0,4,2
05-15-2018 05:08:09.1,82,4
05-15-2018 05:08:09.1,2,4
05-15-2018 05:08:09.1,43,4
05-15-2018 05:08:10.6,81,4
05-15-2018 05:08:10.6,44,4
05-15-2018 05:08:15.3,82,12
05-15-2018 05:08:15.5,81,12
05-15-2018 05:08:17.4,82,2
05-15-2018 05:08:17.5,81,2
05-15-2018 05:08:23.4,4,2
05-15-2018 05:08:27.4,82,12
05-15-2018 05:08:27.7,81,12
05-15-2018 05:08:29.4,82,2
05-15-2018 05:08:29.6,81,2
05-15-2018 05:08:35.5,4,2
05-15-2018 05:08:39.3,42,6
05-15-2018 05:08:39.3,46,6
05-15-2018 05:08:45.3,42,2
05-15-2018 05:08:45.3,46,2
05-15-2018 05:08:49.3,151,3
05-15-2018 05:08:49.3,47,2
05-15-2018 05:08:49.3,47,3
05-15-2018 05:08:49.3,47,6
05-15-2018 05:08:49.3,49,3
05-15-2018 05:08:49.5,48,3
05-15-2018 05:08:51.7,82,11
05-15-2018 05:08:52.1,81,11
05-15-2018 05:08:54.2,82,2
05-15-2018 05:08:54.3,81,2
05-15-2018 05:08:58.0,82,1
05-15-2018 05:09:00.2,4,2
05-15-2018 05:09:01.7,81,1
05-15-2018 05:09:02.2,82,21
05-15-2018 05:09:02.6,81,21
05-15-2018 05:09:04.8,82,9
05-15-2018 05:09:05.0,81,9
05-15-2018 05:09:07.2,46,3
05-15-2018 05:09:11.8,82,12
05-15-2018 05:09:11.8,82,16
05-15-2018 05:09:12.0,81,12
05-15-2018 05:09:12.1,81,16
05-15-2018 05:09:13.8,82,2
05-15-2018 05:09:13.9,81,2
05-15-2018 05:09:17.2,151,4
05-15-2018 05:09:17.2,47,4
05-15-2018 05:09:17.2,49,4
05-15-2018 05:09:17.4,48,4
05-15-2018 05:09:19.8,4,2
05-15-2018 05:09:30.0,82,11
05-15-2018 05:09:30.4,81,11
05-15-2018 05:09:31.0,82,4
05-15-2018 05:09:31.0,7,2
05-15-2018 05:09:31.0,7,6
05-15-2018 05:09:31.0,8,2
05-15-2018 05:09:31.0,8,6
05-15-2018 05:09:31.0,2,4
05-15-2018 05:09:31.0,6,6
05-15-2018 05:09:31.0,43,4
05-15-2018 05:09:31.1,151,1
05-15-2018 05:09:31.1,151,5
05-15-2018 05:09:31.1,151,7
05-15-2018 05:09:31.1,151,8
05-15-2018 05:09:31.1,2,2
05-15-2018 05:09:31.1,2,6
05-15-2018 05:09:31.1,47,1
05-15-2018 05:09:31.1,47,5
05-15-2018 05:09:31.1,49,1
05-15-2018 05:09:31.1,49,5
05-15-2018 05:09:32.2,82,21
05-15-2018 05:09:32.4,81,21
05-15-2018 05:09:32.4,82,2
05-15-2018 05:09:32.5,81,2
05-15-2018 05:09:34.2,82,9
05-15-2018 05:09:34.2,82,12
05-15-2018 05:09:34.4,81,9
05-15-2018 05:09:34.6,81,12
05-15-2018 05:09:35.0,9,2
05-15-2018 05:09:35.0,9,6
05-15-2018 05:09:35.0,10,2
05-15-2018 05:09:35.0,10,6
05-15-2018 05:09:36.0,12,2
05-15-2018 05:09:36.0,12,6
05-15-2018 05:09:36.0,11,2
05-15-2018 05:09:36.0,11,6
05-15-2018 05:09:36.0,0,4
05-15-2018 05:09:36.0,1,4
05-15-2018 05:09:36.0,31,1
05-15-2018 05:09:36.1,49,2
05-15-2018 05:09:36.1,49,6
05-15-2018 05:09:36.1,41,2
05-15-2018 05:09:36.1,41,6
05-15-2018 05:09:36.4,81,4
05-15-2018 05:09:36.4,44,4
05-15-2018 05:09:36.8,82,22
05-15-2018 05:09:37.3,81,22
05-15-2018 05:09:37.3,82,2
05-15-2018 05:09:37.4,81,2
05-15-2018 05:09:38.8,82,4
05-15-2018 05:09:38.8,43,4
05-15-2018 05:09:40.0,3,4
05-15-2018 05:09:40.2,82,14
05-15-2018 05:09:40.3,82,10
05-15-2018 05:09:40.8,81,10
05-15-2018 05:09:41.2,81,4
05-15-2018 05:09:41.2,44,4
05-15-2018 05:09:42.2,81,14
05-15-2018 05:09:44.0,7,4
05-15-2018 05:09:44.0,8,4
05-15-2018 05:09:44.0,4,4
05-15-2018 05:09:45.9,46,4
05-15-2018 05:09:47.5,9,4
05-15-2018 05:09:47.5,10,4
05-15-2018 05:09:48.5,12,4
05-15-2018 05:09:48.5,11,4
05-15-2018 05:09:48.5,0,2
05-15-2018 05:09:48.5,0,6
05-15-2018 05:09:48.5,1,2
05-15-2018 05:09:48.5,1,6
05-15-2018 05:09:48.5,31,1
05-15-2018 05:09:48.6,43,6
05-15-2018 05:09:48.7,4,2
05-15-2018 05:09:49.5,82,4
05-15-2018 05:09:49.5,2,4
05-15-2018 05:09:49.5,43,4
05-15-2018 05:09:50.8,81,4
05-15-2018 05:09:50.8,44,4
05-15-2018 05:09:54.9,82,16
05-15-2018 05:09:55.3,82,15
05-15-2018 05:09:55.4,44,6
05-15-2018 05:09:55.5,81,16
05-15-2018 05:09:55.6,48,1
05-15-2018 05:09:55.6,48,5
05-15-2018 05:09:55.7,81,15
05-15-2018 05:09:57.3,82,22
05-15-2018 05:09:57.9,81,22
05-15-2018 05:10:01.4,82,10
05-15-2018 05:10:02.0,81,10
05-15-2018 05:10:04.4,3,2
05-15-2018 05:10:04.4,3,6
05-15-2018 05:10:04.8,82,1
05-15-2018 05:10:07.2,81,1
05-15-2018 05:10:07.4,82,20
05-15-2018 05:10:07.7,81,20
05-15-2018 05:10:11.3,82,15
05-15-2018 05:10:11.7,81,15
05-15-2018 05:10:13.3,46,1
05-15-2018 05:10:13.6,82,11
05-15-2018 05:10:14.0,81,11
05-15-2018 05:10:15.3,82,12
05-15-2018 05:10:16.3,81,12
05-15-2018 05:10:16.7,82,2
05-15-2018 05:10:16.8,81,2
05-15-2018 05:10:19.3,46,5
05-15-2018 05:10:19.7,82,2
05-15-2018 05:10:19.8,81,2
05-15-2018 05:10:22.5,82,22
05-15-2018 05:10:22.8,81,22
05-15-2018 05:10:25.0,82,10
05-15-2018 05:10:25.3,81,10
05-15-2018 05:10:25.7,4,2
05-15-2018 05:10:34.2,150,5
05-15-2018 05:10:34.2,48,2
05-15-2018 05:10:34.2,48,6
05-15-2018 05:10:34.3,150,1
05-15-2018 05:10:37.2,82,12
05-15-2018 05:10:37.5,81,12
05-15-2018 05:10:39.4,82,4
05-15-2018 05:10:39.4,2,4
05-15-2018 05:10:39.4,43,4
05-15-2018 05:10:39.5,82,2
05-15-2018 05:10:39.6,81,2
05-15-2018 05:10:42.2,81,4
05-15-2018 05:10:42.2,44,4
05-15-2018 05:10:44.5,82,16
05-15-2018 05:10:45.4,82,12
05-15-2018 05:10:45.5,4,2
05-15-2018 05:10:45.6,82,11
05-15-2018 05:10:45.7,81,12
05-15-2018 05:10:45.8,81,16
05-15-2018 05:10:45.9,81,11
05-15-2018 05:10:46.3,82,21
05-15-2018 05:10:46.6,81,21
05-15-2018 05:10:47.7,82,2
05-15-2018 05:10:47.8,81,2
05-15-2018 05:10:48.8,82,9
05-15-2018 05:10:49.0,82,22
05-15-2018 05:10:49.3,81,9
05-15-2018 05:10:49.3,81,22
05-15-2018 05:10:51.8,82,10
05-15-2018 05:10:52.1,81,10
05-15-2018 05:10:53.7,4,2
05-15-2018 05:10:57.2,82,16
05-15-2018 05:10:57.7,81,16
05-15-2018 05:10:59.9,82,12
05-15-2018 05:11:00.3,82,15
05-15-2018 05:11:00.6,81,15
05-15-2018 05:11:01.0,81,12
05-15-2018 05:11:04.4,82,2
05-15-2018 05:11:04.5,81,2
05-15-2018 05:11:10.4,4,2
05-15-2018 05:11:12.4,82,22
05-15-2018 05:11:12.8,81,22
05-15-2018 05:11:14.7,82,21
05-15-2018 05:11:15.1,81,21
05-15-2018 05:11:15.2,82,10
05-15-2018 05:11:15.5,81,10
05-15-2018 05:11:15.9,82,22
05-15-2018 05:11:16.2,81,22
05-15-2018 05:11:17.3,82,9
05-15-2018 05:11:17.6,81,9
05-15-2018 05:11:18.4,82,10
05-15-2018 05:11:18.9,81,10
05-15-2018 05:11:24.7,82,16
05-15-2018 05:11:25.1,81,16
05-15-2018 05:11:26.1,82,15
05-15-2018 05:11:26.5,81,15
05-15-2018 05:11:59.2,42,6
05-15-2018 05:11:59.2,46,6
05-15-2018 05:12:05.2,42,2
05-15-2018 05:12:05.2,46,2
05-15-2018 05:12:09.2,151,3
05-15-2018 05:12:09.2,47,2
05-15-2018 05:12:09.2,47,3
05-15-2018 05:12:09.2,47,6
05-15-2018 05:12:09.2,49,3
05-15-2018 05:12:09.4,48,3
05-15-2018 05:12:27.1,46,3
05-15-2018 05:12:28.6,82,21
05-15-2018 05:12:29.0,81,21
05-15-2018 05:12:30.9,82,9
05-15-2018 05:12:31.3,81,9
05-15-2018 05:12:31.5,82,12
05-15-2018 05:12:31.8,81,12
05-15-2018 05:12:33.9,82,2
05-15-2018 05:12:34.0,81,2
05-15-2018 05:12:34.1,82,22
05-15-2018 05:12:34.4,81,22
05-15-2018 05:12:36.7,82,10
05-15-2018 05:12:37.0,81,10
05-15-2018 05:12:37.1,151,4
05-15-2018 05:12:37.1,47,4
05-15-2018 05:12:37.1,49,4
05-15-2018 05:12:37.3,48,4
05-15-2018 05:12:37.7,82,16
05-15-2018 05:12:38.1,81,16
05-15-2018 05:12:38.2,82,15
05-15-2018 05:12:38.6,81,15
05-15-2018 05:12:39.9,4,2
05-15-2018 05:12:44.0,82,15
05-15-2018 05:12:44.3,81,15
05-15-2018 05:12:46.7,82,12
05-15-2018 05:12:47.3,81,12
05-15-2018 05:12:49.1,82,2
05-15-2018 05:12:49.3,81,2
05-15-2018 05:12:53.1,82,15
05-15-2018 05:12:53.5,81,15
05-15-2018 05:12:53.7,82,21
05-15-2018 05:12:54.1,81,21
05-15-2018 05:12:55.2,4,2
05-15-2018 05:12:56.3,82,9
05-15-2018 05:12:56.6,81,9
05-15-2018 05:12:57.1,82,12
05-15-2018 05:12:57.2,81,12
05-15-2018 05:12:58.8,82,2
05-15-2018 05:12:58.9,81,2
05-15-2018 05:13:04.1,82,16
05-15-2018 05:13:04.5,81,16
05-15-2018 05:13:04.8,4,2
05-15-2018 05:13:05.0,46,4
05-15-2018 05:13:15.0,151,1
05-15-2018 05:13:15.0,151,5
05-15-2018 05:13:15.0,47,1
05-15-2018 05:13:15.0,47,5
05-15-2018 05:13:15.0,49,1
05-15-2018 05:13:15.0,49,5
05-15-2018 05:13:15.2,48,1
05-15-2018 05:13:15.2,48,5
05-15-2018 05:13:18.7,82,11
05-15-2018 05:13:19.1,81,11
05-15-2018 05:13:21.7,82,2
05-15-2018 05:13:21.8,81,2
05-15-2018 05:13:27.7,4,2
05-15-2018 05:13:29.9,82,11
05-15-2018 05:13:30.2,81,11
05-15-2018 05:13:32.4,82,2
05-15-2018 05:13:32.6,81,2
05-15-2018 05:13:32.9,46,1
05-15-2018 05:13:37.5,82,22
05-15-2018 05:13:38.1,81,22
05-15-2018 05:13:38.5,4,2
05-15-2018 05:13:38.9,46,5
05-15-2018 05:13:41.3,82,10
05-15-2018 05:13:41.8,81,10
05-15-2018 05:13:42.9,49,2
05-15-2018 05:13:50.8,82,15
05-15-2018 05:13:51.1,81,15
05-15-2018 05:13:51.5,82,11
05-15-2018 05:13:52.6,81,11
05-15-2018 05:13:53.9,82,2
05-15-2018 05:13:54.0,81,2
05-15-2018 05:13:54.2,150,5
05-15-2018 05:13:54.2,41,2
05-15-2018 05:13:54.3,150,1
05-15-2018 05:13:54.3,48,2
05-15-2018 05:13:55.3,49,6
05-15-2018 05:13:55.7,82,11
05-15-2018 05:13:56.0,81,11
05-15-2018 05:13:58.2,82,2
05-15-2018 05:13:58.3,81,2
05-15-2018 05:14:00.2,41,6
05-15-2018 05:14:00.3,48,6
05-15-2018 05:14:01.0,82,21
05-15-2018 05:14:01.3,81,21
05-15-2018 05:14:03.3,82,9
05-15-2018 05:14:03.6,81,9
05-15-2018 05:14:04.2,4,2
05-15-2018 05:14:04.8,82,22
05-15-2018 05:14:05.1,81,22
05-15-2018 05:14:06.7,82,22
05-15-2018 05:14:06.9,81,22
05-15-2018 05:14:07.1,82,10
05-15-2018 05:14:07.5,81,10
05-15-2018 05:14:08.8,82,10
05-15-2018 05:14:09.2,81,10
05-15-2018 05:14:09.9,82,16
05-15-2018 05:14:10.2,81,16
05-15-2018 05:14:14.6,82,15
05-15-2018 05:14:15.0,81,15
05-15-2018 05:14:21.2,82,22
05-15-2018 05:14:21.8,81,22
05-15-2018 05:14:24.4,82,10
05-15-2018 05:14:24.9,81,10
05-15-2018 05:14:28.7,82,22
05-15-2018 05:14:30.1,81,22
05-15-2018 05:14:31.4,82,10
05-15-2018 05:14:32.7,81,10
05-15-2018 05:14:40.0,82,15
05-15-2018 05:14:41.1,82,4
05-15-2018 05:14:41.1,2,4
05-15-2018 05:14:41.1,43,4
05-15-2018 05:14:41.3,81,4
05-15-2018 05:14:41.3,44,4
05-15-2018 05:14:41.4,81,15
05-15-2018 05:14:52.4,82,11
05-15-2018 05:14:52.6,81,11
05-15-2018 05:14:54.3,82,2
05-15-2018 05:14:54.4,81,2
05-15-2018 05:15:00.3,4,2
05-15-2018 05:15:07.3,82,21
05-15-2018 05:15:07.6,81,21
05-15-2018 05:15:09.5,82,9
05-15-2018 05:15:09.8,81,9
05-15-2018 05:15:12.1,82,4
05-15-2018 05:15:12.1,2,4
05-15-2018 05:15:12.1,43,4
05-15-2018 05:15:14.2,81,4
05-15-2018 05:15:14.2,44,4
05-15-2018 05:15:16.0,82,16
05-15-2018 05:15:16.3,81,16
05-15-2018 05:15:16.8,82,4
05-15-2018 05:15:16.8,2,4
05-15-2018 05:15:16.8,43,4
05-15-2018 05:15:25.1,42,2
05-15-2018 05:15:25.1,42,6
05-15-2018 05:15:25.1,46,2
05-15-2018 05:15:25.1,46,6
05-15-2018 05:15:34.7,82,11
05-15-2018 05:15:35.0,81,11
05-15-2018 05:15:35.1,151,3
05-15-2018 05:15:35.1,47,2
05-15-2018 05:15:35.1,47,3
05-15-2018 05:15:35.1,47,6
05-15-2018 05:15:35.1,49,3
05-15-2018 05:15:35.3,82,22
05-15-2018 05:15:35.3,48,3
05-15-2018 05:15:35.7,81,22
05-15-2018 05:15:37.3,82,22
05-15-2018 05:15:37.6,81,22
05-15-2018 05:15:37.7,82,10
05-15-2018 05:15:38.1,81,10
05-15-2018 05:15:40.1,82,10
05-15-2018 05:15:40.4,82,5
05-15-2018 05:15:40.5,81,10
05-15-2018 05:15:42.5,82,17
05-15-2018 05:15:43.3,81,5
05-15-2018 05:15:43.8,82,11
05-15-2018 05:15:44.1,81,11
05-15-2018 05:15:45.0,82,21
05-15-2018 05:15:45.2,81,21
05-15-2018 05:15:46.1,82,2
05-15-2018 05:15:46.2,81,2
05-15-2018 05:15:47.1,81,17
05-15-2018 05:15:47.1,82,9
05-15-2018 05:15:47.3,81,9
05-15-2018 05:15:49.1,4,2
05-15-2018 05:15:53.0,46,3
05-15-2018 05:15:53.3,82,16
05-15-2018 05:15:53.5,81,16
05-15-2018 05:15:57.4,82,12
05-15-2018 05:15:57.7,81,12
05-15-2018 05:15:59.7,82,2
05-15-2018 05:15:59.8,81,2
05-15-2018 05:16:00.0,4,2
05-15-2018 05:16:02.8,82,22
05-15-2018 05:16:03.0,151,4
05-15-2018 05:16:03.0,7,2
05-15-2018 05:16:03.0,7,6
05-15-2018 05:16:03.0,8,2
05-15-2018 05:16:03.0,8,6
05-15-2018 05:16:03.0,6,6
05-15-2018 05:16:03.0,47,4
05-15-2018 05:16:03.0,49,4
05-15-2018 05:16:03.1,151,1
05-15-2018 05:16:03.1,151,5
05-15-2018 05:16:03.1,151,7
05-15-2018 05:16:03.1,151,8
05-15-2018 05:16:03.1,2,2
05-15-2018 05:16:03.1,2,6
05-15-2018 05:16:03.1,47,1
05-15-2018 05:16:03.1,47,5
05-15-2018 05:16:03.1,49,1
05-15-2018 05:16:03.1,49,5
05-15-2018 05:16:03.2,81,22
05-15-2018 05:16:04.8,82,10
05-15-2018 05:16:05.3,81,10
05-15-2018 05:16:06.8,82,22
05-15-2018 05:16:07.0,9,2
05-15-2018 05:16:07.0,9,6
05-15-2018 05:16:07.0,10,2
05-15-2018 05:16:07.0,10,6
05-15-2018 05:16:07.3,81,22
05-15-2018 05:16:07.9,82,21
05-15-2018 05:16:08.0,12,2
05-15-2018 05:16:08.0,12,6
05-15-2018 05:16:08.0,11,2
05-15-2018 05:16:08.0,11,6
05-15-2018 05:16:08.0,0,4
05-15-2018 05:16:08.0,1,4
05-15-2018 05:16:08.0,31,1
05-15-2018 05:16:08.1,49,2
05-15-2018 05:16:08.1,49,6
05-15-2018 05:16:08.1,48,4
05-15-2018 05:16:08.1,41,2
05-15-2018 05:16:08.1,41,6
05-15-2018 05:16:08.2,81,21
05-15-2018 05:16:09.6,82,10
05-15-2018 05:16:10.3,81,10
05-15-2018 05:16:10.3,82,9
05-15-2018 05:16:10.7,81,9
05-15-2018 05:16:11.1,82,14
05-15-2018 05:16:12.0,3,4
05-15-2018 05:16:12.1,82,13
05-15-2018 05:16:12.4,81,14
05-15-2018 05:16:13.1,81,4
05-15-2018 05:16:13.1,81,13
05-15-2018 05:16:13.1,44,4
05-15-2018 05:16:15.9,7,4
05-15-2018 05:16:15.9,8,4
05-15-2018 05:16:15.9,4,4
05-15-2018 05:16:19.4,9,4
05-15-2018 05:16:19.4,10,4
05-15-2018 05:16:20.4,12,4
05-15-2018 05:16:20.4,11,4
05-15-2018 05:16:20.4,0,2
05-15-2018 05:16:20.4,0,6
05-15-2018 05:16:20.4,1,2
05-15-2018 05:16:20.4,1,6
05-15-2018 05:16:20.4,31,1
05-15-2018 05:16:20.5,43,6
05-15-2018 05:16:20.6,4,2
05-15-2018 05:16:21.3,82,4
05-15-2018 05:16:21.3,2,4
05-15-2018 05:16:21.3,43,4
05-15-2018 05:16:23.0,82,11
05-15-2018 05:16:23.4,81,4
05-15-2018 05:16:23.4,44,4
05-15-2018 05:16:24.1,81,11
05-15-2018 05:16:25.3,82,4
05-15-2018 05:16:25.3,2,4
05-15-2018 05:16:25.3,43,4
05-15-2018 05:16:27.8,82,15
05-15-2018 05:16:28.4,82,16
05-15-2018 05:16:28.5,81,15
05-15-2018 05:16:28.8,82,2
05-15-2018 05:16:28.9,81,2
05-15-2018 05:16:28.9,81,16
05-15-2018 05:16:31.0,82,15
05-15-2018 05:16:31.8,46,4
05-15-2018 05:16:32.0,81,15
05-15-2018 05:16:34.8,4,2
05-15-2018 05:16:36.4,3,2
05-15-2018 05:16:36.4,3,6
05-15-2018 05:16:41.8,44,6
05-15-2018 05:16:42.0,48,1
05-15-2018 05:16:42.0,48,5
05-15-2018 05:16:59.7,46,1
05-15-2018 05:17:02.1,82,22
05-15-2018 05:17:02.6,81,22
05-15-2018 05:17:05.1,82,10
05-15-2018 05:17:05.5,81,10
05-15-2018 05:17:05.7,46,5
05-15-2018 05:17:09.4,82,22
05-15-2018 05:17:09.7,81,22
05-15-2018 05:17:11.6,82,10
05-15-2018 05:17:11.6,82,22
05-15-2018 05:17:11.8,81,10
05-15-2018 05:17:11.9,81,22
05-15-2018 05:17:12.7,82,15
05-15-2018 05:17:13.1,81,15
05-15-2018 05:17:13.7,82,10
05-15-2018 05:17:13.8,82,22
05-15-2018 05:17:13.9,81,22
05-15-2018 05:17:14.0,81,10
05-15-2018 05:17:14.2,150,5
05-15-2018 05:17:14.2,48,2
05-15-2018 05:17:14.2,48,6
05-15-2018 05:17:14.3,150,1
05-15-2018 05:17:15.9,82,10
05-15-2018 05:17:16.3,81,10
05-15-2018 05:17:17.3,82,22
05-15-2018 05:17:17.9,82,15
05-15-2018 05:17:18.1,81,22
05-15-2018 05:17:18.2,81,15
05-15-2018 05:17:18.3,82,22
05-15-2018 05:17:18.6,81,22
05-15-2018 05:17:19.7,82,10
05-15-2018 05:17:20.2,82,15
05-15-2018 05:17:20.5,81,15
05-15-2018 05:17:20.9,81,10
05-15-2018 05:17:22.7,82,15
05-15-2018 05:17:23.0,81,15
05-15-2018 05:17:26.1,82,22
05-15-2018 05:17:26.6,81,22
05-15-2018 05:17:26.7,82,15
05-15-2018 05:17:27.9,81,15
05-15-2018 05:17:29.0,82,10
05-15-2018 05:17:29.4,81,10
05-15-2018 05:17:38.2,82,15
05-15-2018 05:17:38.6,81,15
05-15-2018 05:17:42.9,82,21
05-15-2018 05:17:43.3,81,21
05-15-2018 05:17:45.9,82,9
05-15-2018 05:17:46.3,81,9
05-15-2018 05:17:51.5,82,12
05-15-2018 05:17:51.8,81,12
05-15-2018 05:17:53.6,82,2
05-15-2018 05:17:53.7,81,2
05-15-2018 05:17:53.9,4,2
05-15-2018 05:17:55.1,82,16
05-15-2018 05:17:55.5,81,16
05-15-2018 05:18:02.3,82,12
05-15-2018 05:18:02.8,81,12
05-15-2018 05:18:04.6,82,2
05-15-2018 05:18:04.7,81,2
05-15-2018 05:18:04.9,4,2
05-15-2018 05:18:05.4,82,11
05-15-2018 05:18:06.6,81,11
05-15-2018 05:18:08.0,82,22
05-15-2018 05:18:08.2,82,2
05-15-2018 05:18:08.3,81,2
05-15-2018 05:18:08.3,81,22
05-15-2018 05:18:08.5,4,2
05-15-2018 05:18:10.6,82,10
05-15-2018 05:18:11.0,81,10
05-15-2018 05:18:17.2,82,22
05-15-2018 05:18:17.6,81,22
05-15-2018 05:18:19.1,82,10
05-15-2018 05:18:19.5,81,10
05-15-2018 05:18:24.7,82,15
05-15-2018 05:18:25.0,81,15
05-15-2018 05:18:39.2,42,6
05-15-2018 05:18:39.2,46,6
05-15-2018 05:18:45.2,42,2
05-15-2018 05:18:45.2,46,2
05-15-2018 05:18:48.0,81,4
05-15-2018 05:18:48.0,44,4
05-15-2018 05:18:49.2,151,3
05-15-2018 05:18:49.2,47,2
05-15-2018 05:18:49.2,47,3
05-15-2018 05:18:49.2,47,6
05-15-2018 05:18:49.2,49,3
05-15-2018 05:18:49.4,48,3
05-15-2018 05:18:57.2,82,15
05-15-2018 05:18:57.5,81,15
05-15-2018 05:18:59.0,82,12
05-15-2018 05:18:59.3,81,12
05-15-2018 05:19:01.1,82,2
05-15-2018 05:19:01.3,81,2
05-15-2018 05:19:01.5,4,2
05-15-2018 05:19:07.1,46,3
05-15-2018 05:19:14.2,82,12
05-15-2018 05:19:14.8,81,12
05-15-2018 05:19:15.0,82,1
05-15-2018 05:19:17.1,151,4
05-15-2018 05:19:17.1,47,4
05-15-2018 05:19:17.1,49,4
05-15-2018 05:19:17.3,48,4
05-15-2018 05:19:17.7,82,20
05-15-2018 05:19:17.9,82,21
05-15-2018 05:19:18.2,81,21
05-15-2018 05:19:18.3,81,1
05-15-2018 05:19:18.9,82,2
05-15-2018 05:19:19.0,81,2
05-15-2018 05:19:19.1,81,20
05-15-2018 05:19:19.2,4,2
05-15-2018 05:19:19.9,82,9
05-15-2018 05:19:20.2,81,9
05-15-2018 05:19:23.2,82,22
05-15-2018 05:19:23.7,81,22
05-15-2018 05:19:26.5,82,10
05-15-2018 05:19:26.9,81,10
05-15-2018 05:19:34.5,82,15
05-15-2018 05:19:34.9,81,15
05-15-2018 05:19:45.0,46,4
05-15-2018 05:19:51.7,82,22
05-15-2018 05:19:52.1,81,22
05-15-2018 05:19:54.8,82,10
05-15-2018 05:19:55.0,151,1
05-15-2018 05:19:55.0,151,5
05-15-2018 05:19:55.0,47,1
05-15-2018 05:19:55.0,47,5
05-15-2018 05:19:55.0,49,1
05-15-2018 05:19:55.0,49,5
05-15-2018 05:19:55.2,81,10
05-15-2018 05:19:55.2,48,1
05-15-2018 05:19:55.2,48,5
05-15-2018 05:19:55.9,82,22
05-15-2018 05:19:56.3,81,22
05-15-2018 05:19:59.4,82,10
05-15-2018 05:19:59.8,81,10
05-15-2018 05:20:08.2,82,15
05-15-2018 05:20:08.5,81,15
05-15-2018 05:20:12.9,46,1
05-15-2018 05:20:18.9,46,5
05-15-2018 05:20:22.9,49,2
05-15-2018 05:20:23.4,82,11
05-15-2018 05:20:23.6,81,11
05-15-2018 05:20:25.8,82,12
05-15-2018 05:20:25.9,82,2
05-15-2018 05:20:26.0,81,2
05-15-2018 05:20:26.1,81,12
05-15-2018 05:20:26.2,4,2
05-15-2018 05:20:28.4,82,2
05-15-2018 05:20:28.5,81,2
05-15-2018 05:20:28.6,82,22
05-15-2018 05:20:28.7,4,2
05-15-2018 05:20:29.1,81,22
05-15-2018 05:20:31.8,82,10
05-15-2018 05:20:32.2,81,10
05-15-2018 05:20:34.2,150,5
05-15-2018 05:20:34.2,41,2
05-15-2018 05:20:34.3,150,1
05-15-2018 05:20:34.3,48,2
05-15-2018 05:20:35.3,49,6
05-15-2018 05:20:37.7,82,21
05-15-2018 05:20:37.9,81,21
05-15-2018 05:20:37.9,82,22
05-15-2018 05:20:38.3,81,22
05-15-2018 05:20:38.6,82,21
05-15-2018 05:20:38.9,81,21
05-15-2018 05:20:39.4,82,15
05-15-2018 05:20:39.7,81,15
05-15-2018 05:20:40.1,82,9
05-15-2018 05:20:40.2,41,6
05-15-2018 05:20:40.3,48,6
05-15-2018 05:20:40.4,81,9
05-15-2018 05:20:40.5,82,10
05-15-2018 05:20:40.9,81,10
05-15-2018 05:20:41.1,82,9
05-15-2018 05:20:41.3,81,9
05-15-2018 05:20:47.3,82,16
05-15-2018 05:20:47.7,81,16
05-15-2018 05:20:48.2,82,15
05-15-2018 05:20:48.3,82,16
05-15-2018 05:20:48.5,81,15
05-15-2018 05:20:48.7,81,16
05-15-2018 05:20:57.9,82,1
05-15-2018 05:21:00.0,82,20
05-15-2018 05:21:00.7,81,1
05-15-2018 05:21:00.7,81,20
05-15-2018 05:21:17.4,82,22
05-15-2018 05:21:17.9,81,22
05-15-2018 05:21:20.8,82,10
05-15-2018 05:21:21.4,81,10
05-15-2018 05:21:23.7,82,12
05-15-2018 05:21:23.9,81,12
05-15-2018 05:21:25.9,82,2
05-15-2018 05:21:26.0,81,2
05-15-2018 05:21:26.2,4,2
05-15-2018 05:21:26.3,82,11
05-15-2018 05:21:26.6,81,11
05-15-2018 05:21:28.2,82,2
05-15-2018 05:21:28.3,81,2
05-15-2018 05:21:28.5,4,2
05-15-2018 05:21:29.1,82,15
05-15-2018 05:21:29.5,81,15
05-15-2018 05:21:40.8,82,11
05-15-2018 05:21:41.1,81,11
05-15-2018 05:21:43.0,82,2
05-15-2018 05:21:43.2,81,2
05-15-2018 05:21:43.4,4,2
05-15-2018 05:21:59.8,82,12
05-15-2018 05:22:00.2,81,12
05-15-2018 05:22:02.6,82,2
05-15-2018 05:22:02.8,81,2
05-15-2018 05:22:03.0,4,2
05-15-2018 05:22:04.0,82,4
05-15-2018 05:22:04.0,2,4
05-15-2018 05:22:04.0,43,4
05-15-2018 05:22:05.2,42,2
05-15-2018 05:22:05.2,42,6
05-15-2018 05:22:05.2,46,2
05-15-2018 05:22:05.2,46,6
05-15-2018 05:22:06.5,82,21
05-15-2018 05:22:06.7,81,4
05-15-2018 05:22:06.7,44,4
05-15-2018 05:22:06.8,81,21
05-15-2018 05:22:08.4,82,9
05-15-2018 05:22:08.7,81,9
05-15-2018 05:22:08.7,82,4
05-15-2018 05:22:08.7,2,4
05-15-2018 05:22:08.7,43,4
05-15-2018 05:22:14.2,82,16
05-15-2018 05:22:14.4,81,16
05-15-2018 05:22:14.4,82,21
05-15-2018 05:22:14.6,81,21
05-15-2018 05:22:14.8,82,22
05-15-2018 05:22:15.0,81,22
05-15-2018 05:22:15.2,151,3
05-15-2018 05:22:15.2,47,2
05-15-2018 05:22:15.2,47,3
05-15-2018 05:22:15.2,47,6
05-15-2018 05:22:15.2,49,3
05-15-2018 05:22:15.4,48,3
05-15-2018 05:22:16.7,82,9
05-15-2018 05:22:16.9,82,10
05-15-2018 05:22:17.0,81,9
05-15-2018 05:22:17.2,81,10
05-15-2018 05:22:21.0,82,22
05-15-2018 05:22:21.9,81,22
05-15-2018 05:22:22.3,82,22
05-15-2018 05:22:22.8,81,22
05-15-2018 05:22:23.9,82,15
05-15-2018 05:22:24.2,81,15
05-15-2018 05:22:24.2,82,10
05-15-2018 05:22:24.2,82,16
05-15-2018 05:22:24.5,81,16
05-15-2018 05:22:25.0,81,10
05-15-2018 05:22:25.8,82,10
05-15-2018 05:22:26.2,81,10
05-15-2018 05:22:33.1,46,3
05-15-2018 05:22:33.7,82,15
05-15-2018 05:22:34.6,81,15
05-15-2018 05:22:39.4,82,12
05-15-2018 05:22:39.7,81,12
05-15-2018 05:22:41.5,82,2
05-15-2018 05:22:41.6,81,2
05-15-2018 05:22:43.1,151,4
05-15-2018 05:22:43.1,7,2
05-15-2018 05:22:43.1,7,6
05-15-2018 05:22:43.1,8,2
05-15-2018 05:22:43.1,8,6
05-15-2018 05:22:43.1,6,6
05-15-2018 05:22:43.1,47,4
05-15-2018 05:22:43.1,49,4
05-15-2018 05:22:43.2,151,1
05-15-2018 05:22:43.2,151,5
05-15-2018 05:22:43.2,151,7
05-15-2018 05:22:43.2,151,8
05-15-2018 05:22:43.2,2,2
05-15-2018 05:22:43.2,2,6
05-15-2018 05:22:43.2,47,1
05-15-2018 05:22:43.2,47,5
05-15-2018 05:22:43.2,49,1
05-15-2018 05:22:43.2,49,5
05-15-2018 05:22:47.1,9,2
05-15-2018 05:22:47.1,9,6
05-15-2018 05:22:47.1,10,2
05-15-2018 05:22:47.1,10,6
05-15-2018 05:22:47.9,82,21
05-15-2018 05:22:48.1,12,2
05-15-2018 05:22:48.1,12,6
05-15-2018 05:22:48.1,11,2
05-15-2018 05:22:48.1,11,6
05-15-2018 05:22:48.1,0,4
05-15-2018 05:22:48.1,1,4
05-15-2018 05:22:48.1,31,1
05-15-2018 05:22:48.2,49,2
05-15-2018 05:22:48.2,49,6
05-15-2018 05:22:48.2,48,4
05-15-2018 05:22:48.2,41,2
05-15-2018 05:22:48.2,41,6
05-15-2018 05:22:48.3,81,21
05-15-2018 05:22:51.4,82,9
05-15-2018 05:22:51.9,81,9
05-15-2018 05:22:52.1,3,4
05-15-2018 05:22:52.2,82,13
05-15-2018 05:22:52.9,81,4
05-15-2018 05:22:52.9,44,4
05-15-2018 05:22:53.6,81,13
05-15-2018 05:22:55.7,7,4
05-15-2018 05:22:55.7,8,4
05-15-2018 05:22:55.7,4,4
05-15-2018 05:22:59.2,9,4
05-15-2018 05:22:59.2,10,4
05-15-2018 05:23:00.2,12,4
05-15-2018 05:23:00.2,11,4
05-15-2018 05:23:00.2,0,2
05-15-2018 05:23:00.2,0,6
05-15-2018 05:23:00.2,1,2
05-15-2018 05:23:00.2,1,6
05-15-2018 05:23:00.2,31,1
05-15-2018 05:23:00.3,43,6
05-15-2018 05:23:00.4,4,2
05-15-2018 05:23:00.9,82,1
05-15-2018 05:23:05.0,82,20
05-15-2018 05:23:05.7,81,1
05-15-2018 05:23:06.6,81,20
05-15-2018 05:23:11.9,46,4
05-15-2018 05:23:16.2,3,2
05-15-2018 05:23:16.2,3,6
05-15-2018 05:23:21.9,44,6
05-15-2018 05:23:22.1,48,1
05-15-2018 05:23:22.1,48,5
05-15-2018 05:23:31.9,82,15
05-15-2018 05:23:32.2,81,15
05-15-2018 05:23:39.8,46,1
05-15-2018 05:23:42.6,82,12
05-15-2018 05:23:42.8,81,12
05-15-2018 05:23:43.8,82,11
05-15-2018 05:23:44.1,81,11
05-15-2018 05:23:44.7,82,11
05-15-2018 05:23:44.9,82,2
05-15-2018 05:23:45.0,81,2
05-15-2018 05:23:45.1,81,11
05-15-2018 05:23:45.8,46,5
05-15-2018 05:23:45.9,82,2
05-15-2018 05:23:46.0,81,2
05-15-2018 05:23:46.9,82,2
05-15-2018 05:23:47.1,81,2
05-15-2018 05:23:47.2,82,12
05-15-2018 05:23:47.5,81,12
05-15-2018 05:23:49.5,82,2
05-15-2018 05:23:49.7,81,2
05-15-2018 05:23:54.3,150,5
05-15-2018 05:23:54.3,48,2
05-15-2018 05:23:54.3,48,6
05-15-2018 05:23:54.4,150,1
05-15-2018 05:23:55.6,4,2
05-15-2018 05:24:19.7,82,12
05-15-2018 05:24:20.1,81,12
05-15-2018 05:24:22.0,82,2
05-15-2018 05:24:22.1,81,2
05-15-2018 05:24:27.3,82,12
05-15-2018 05:24:27.7,81,12
05-15-2018 05:24:28.0,4,2
05-15-2018 05:24:29.3,82,2
05-15-2018 05:24:29.4,81,2
05-15-2018 05:24:35.3,4,2
05-15-2018 05:24:58.1,82,12
05-15-2018 05:24:58.3,81,12
05-15-2018 05:24:59.2,82,12
05-15-2018 05:24:59.4,81,12
05-15-2018 05:25:00.4,82,2
05-15-2018 05:25:00.4,82,22
05-15-2018 05:25:00.5,81,2
05-15-2018 05:25:00.8,81,22
05-15-2018 05:25:01.4,82,2
05-15-2018 05:25:01.5,81,2
05-15-2018 05:25:03.2,82,10
05-15-2018 05:25:03.6,81,10
05-15-2018 05:25:06.0,82,12
05-15-2018 05:25:06.3,81,12
05-15-2018 05:25:07.4,4,2
05-15-2018 05:25:08.0,82,2
05-15-2018 05:25:08.1,81,2
05-15-2018 05:25:11.6,82,15
05-15-2018 05:25:12.0,81,15
05-15-2018 05:25:14.0,4,2
05-15-2018 05:25:19.2,42,6
05-15-2018 05:25:19.2,46,6
05-15-2018 05:25:25.2,42,2
05-15-2018 05:25:25.2,46,2
05-15-2018 05:25:29.2,151,3
05-15-2018 05:25:29.2,47,2
05-15-2018 05:25:29.2,47,3
05-15-2018 05:25:29.2,47,6
05-15-2018 05:25:29.2,49,3
05-15-2018 05:25:29.4,48,3
05-15-2018 05:25:34.9,82,11
05-15-2018 05:25:35.2,81,11
05-15-2018 05:25:37.6,82,2
05-15-2018 05:25:37.7,81,2
05-15-2018 05:25:43.6,4,2
05-15-2018 05:25:47.1,46,3
05-15-2018 05:25:51.3,82,12
05-15-2018 05:25:51.6,81,12
05-15-2018 05:25:53.4,82,2
05-15-2018 05:25:53.5,81,2
05-15-2018 05:25:54.3,82,11
05-15-2018 05:25:54.5,81,11
05-15-2018 05:25:56.2,82,2
05-15-2018 05:25:56.3,81,2
05-15-2018 05:25:57.1,151,4
05-15-2018 05:25:57.1,47,4
05-15-2018 05:25:57.1,49,4
05-15-2018 05:25:57.3,48,4
05-15-2018 05:26:02.2,4,2
05-15-2018 05:26:10.2,82,21
05-15-2018 05:26:10.5,81,21
05-15-2018 05:26:12.2,82,22
05-15-2018 05:26:12.3,82,9
05-15-2018 05:26:12.5,81,9
05-15-2018 05:26:12.6,81,22
05-15-2018 05:26:14.5,82,10
05-15-2018 05:26:14.8,81,10
05-15-2018 05:26:15.1,82,11
05-15-2018 05:26:15.5,81,11
05-15-2018 05:26:17.9,82,2
05-15-2018 05:26:17.9,82,16
05-15-2018 05:26:18.0,81,2
05-15-2018 05:26:18.3,81,16
05-15-2018 05:26:21.1,82,15
05-15-2018 05:26:21.4,81,15
05-15-2018 05:26:23.5,82,22
05-15-2018 05:26:23.8,81,22
05-15-2018 05:26:23.9,4,2
05-15-2018 05:26:25.0,46,4
05-15-2018 05:26:25.3,82,10
05-15-2018 05:26:25.6,81,10
05-15-2018 05:26:25.9,82,21
05-15-2018 05:26:26.2,81,21
05-15-2018 05:26:28.1,82,9
05-15-2018 05:26:28.3,81,9
05-15-2018 05:26:30.0,82,11
05-15-2018 05:26:30.0,82,22
05-15-2018 05:26:30.2,81,11
05-15-2018 05:26:30.3,81,22
05-15-2018 05:26:31.0,82,15
05-15-2018 05:26:31.0,82,21
05-15-2018 05:26:31.2,81,15
05-15-2018 05:26:31.3,81,21
05-15-2018 05:26:32.2,82,2
05-15-2018 05:26:32.3,81,2
05-15-2018 05:26:32.3,82,10
05-15-2018 05:26:32.5,81,10
05-15-2018 05:26:33.0,82,9
05-15-2018 05:26:33.3,81,9
05-15-2018 05:26:34.0,82,16
05-15-2018 05:26:34.3,81,16
05-15-2018 05:26:35.0,151,1
05-15-2018 05:26:35.0,151,5
05-15-2018 05:26:35.0,47,1
05-15-2018 05:26:35.0,47,5
05-15-2018 05:26:35.0,49,1
05-15-2018 05:26:35.0,49,5
05-15-2018 05:26:35.2,48,1
05-15-2018 05:26:35.2,48,5
05-15-2018 05:26:35.9,82,4
05-15-2018 05:26:35.9,2,4
05-15-2018 05:26:35.9,43,4
05-15-2018 05:26:38.2,4,2
05-15-2018 05:26:38.9,82,15
05-15-2018 05:26:39.1,81,15
05-15-2018 05:26:39.4,82,16
05-15-2018 05:26:39.7,81,16
05-15-2018 05:26:40.7,82,22
05-15-2018 05:26:41.2,81,22
05-15-2018 05:26:43.6,82,10
05-15-2018 05:26:44.0,81,10
05-15-2018 05:26:47.3,82,16
05-15-2018 05:26:47.6,81,16
05-15-2018 05:26:52.9,46,1
05-15-2018 05:26:58.9,46,5
05-15-2018 05:27:02.9,49,2
05-15-2018 05:27:14.2,150,5
05-15-2018 05:27:14.2,41,2
05-15-2018 05:27:14.3,150,1
05-15-2018 05:27:14.3,48,2
05-15-2018 05:27:15.3,49,6
05-15-2018 05:27:20.2,41,6
05-15-2018 05:27:20.3,48,6
05-15-2018 05:27:23.0,82,12
05-15-2018 05:27:23.2,81,12
05-15-2018 05:27:25.1,82,12
05-15-2018 05:27:25.4,81,12
05-15-2018 05:27:25.7,82,2
05-15-2018 05:27:25.9,81,2
05-15-2018 05:27:26.1,4,2
05-15-2018 05:27:27.6,82,2
05-15-2018 05:27:27.7,81,2
05-15-2018 05:27:27.9,4,2
05-15-2018 05:27:28.3,82,11
05-15-2018 05:27:28.6,81,11
05-15-2018 05:27:30.9,82,2
05-15-2018 05:27:31.1,81,2
05-15-2018 05:27:31.3,4,2
05-15-2018 05:27:37.1,82,11
05-15-2018 05:27:37.2,81,11
05-15-2018 05:27:38.8,82,2
05-15-2018 05:27:39.0,81,2
05-15-2018 05:27:39.2,4,2
05-15-2018 05:27:42.4,82,12
05-15-2018 05:27:42.6,81,12
05-15-2018 05:27:44.2,82,2
05-15-2018 05:27:44.3,81,2
05-15-2018 05:27:44.5,4,2
05-15-2018 05:27:47.4,82,11
05-15-2018 05:27:47.7,82,21
05-15-2018 05:27:47.7,82,22
05-15-2018 05:27:47.8,81,11
05-15-2018 05:27:47.9,81,22
05-15-2018 05:27:48.1,81,21
05-15-2018 05:27:49.8,82,2
05-15-2018 05:27:49.9,81,2
05-15-2018 05:27:50.0,82,10
05-15-2018 05:27:50.1,4,2
05-15-2018 05:27:50.3,81,10
05-15-2018 05:27:50.3,82,9
05-15-2018 05:27:50.6,81,9
05-15-2018 05:27:51.3,82,22
05-15-2018 05:27:51.7,81,22
05-15-2018 05:27:53.8,82,10
05-15-2018 05:27:54.3,81,10
05-15-2018 05:27:56.5,82,21
05-15-2018 05:27:56.7,81,21
05-15-2018 05:27:56.7,82,15
05-15-2018 05:27:57.0,81,15
05-15-2018 05:27:57.4,82,16
05-15-2018 05:27:57.8,81,16
05-15-2018 05:27:58.9,82,9
05-15-2018 05:27:59.2,81,9
05-15-2018 05:28:00.5,82,21
05-15-2018 05:28:00.8,81,21
05-15-2018 05:28:01.3,82,15
05-15-2018 05:28:01.7,81,15
05-15-2018 05:28:03.1,82,9
05-15-2018 05:28:03.4,81,9
05-15-2018 05:28:06.5,82,16
05-15-2018 05:28:06.8,81,16
05-15-2018 05:28:10.6,82,16
05-15-2018 05:28:10.8,81,16
05-15-2018 05:28:12.9,82,12
05-15-2018 05:28:13.2,81,12
05-15-2018 05:28:15.4,82,2
05-15-2018 05:28:15.5,81,2
05-15-2018 05:28:15.7,4,2
05-15-2018 05:28:24.6,82,11
05-15-2018 05:28:24.9,81,11
05-15-2018 05:28:26.7,82,2
05-15-2018 05:28:26.9,81,2
05-15-2018 05:28:27.1,4,2
05-15-2018 05:28:41.4,82,14
05-15-2018 05:28:42.1,81,4
05-15-2018 05:28:42.1,44,4
05-15-2018 05:28:42.9,81,14
05-15-2018 05:28:44.1,82,4
05-15-2018 05:28:44.1,2,4
05-15-2018 05:28:44.1,43,4
05-15-2018 05:28:45.1,42,2
05-15-2018 05:28:45.1,42,6
05-15-2018 05:28:45.1,46,2
05-15-2018 05:28:45.1,46,6
05-15-2018 05:28:45.5,82,13
05-15-2018 05:28:46.9,81,4
05-15-2018 05:28:46.9,44,4
05-15-2018 05:28:47.5,81,13
05-15-2018 05:28:54.5,82,22
05-15-2018 05:28:54.8,81,22
05-15-2018 05:28:55.1,151,3
05-15-2018 05:28:55.1,47,2
05-15-2018 05:28:55.1,47,3
05-15-2018 05:28:55.1,47,6
05-15-2018 05:28:55.1,49,3
05-15-2018 05:28:55.3,48,3
05-15-2018 05:28:57.1,82,10
05-15-2018 05:28:57.5,81,10
05-15-2018 05:28:58.9,82,22
05-15-2018 05:28:59.3,81,22
05-15-2018 05:29:01.7,82,10
05-15-2018 05:29:02.1,81,10
05-15-2018 05:29:02.2,82,22
05-15-2018 05:29:02.6,81,22
05-15-2018 05:29:05.0,82,10
05-15-2018 05:29:05.4,81,10
05-15-2018 05:29:05.5,82,15
05-15-2018 05:29:05.9,81,15
05-15-2018 05:29:08.4,82,11
05-15-2018 05:29:08.7,81,11
05-15-2018 05:29:10.2,82,2
05-15-2018 05:29:10.2,82,15
05-15-2018 05:29:10.3,81,2
05-15-2018 05:29:10.3,82,22
05-15-2018 05:29:10.5,4,2
05-15-2018 05:29:10.6,81,15
05-15-2018 05:29:10.7,81,22
05-15-2018 05:29:12.6,82,10
05-15-2018 05:29:13.0,81,10
05-15-2018 05:29:13.0,46,3
05-15-2018 05:29:13.2,82,11
05-15-2018 05:29:13.4,81,11
05-15-2018 05:29:14.0,82,15
05-15-2018 05:29:14.4,81,15
05-15-2018 05:29:15.1,82,2
05-15-2018 05:29:15.2,81,2
05-15-2018 05:29:15.4,4,2
05-15-2018 05:29:19.5,82,15
05-15-2018 05:29:19.8,81,15
05-15-2018 05:29:23.0,151,4
05-15-2018 05:29:23.0,47,4
05-15-2018 05:29:23.0,49,4
05-15-2018 05:29:23.2,48,4
05-15-2018 05:29:27.4,82,21
05-15-2018 05:29:27.8,81,21
05-15-2018 05:29:30.1,82,9
05-15-2018 05:29:30.3,81,9
05-15-2018 05:29:37.2,82,16
05-15-2018 05:29:37.6,81,16
05-15-2018 05:29:50.6,82,12
05-15-2018 05:29:50.9,81,12
05-15-2018 05:29:50.9,46,4
05-15-2018 05:29:52.2,82,11
05-15-2018 05:29:52.5,81,11
05-15-2018 05:29:52.5,82,2
05-15-2018 05:29:52.6,81,2
05-15-2018 05:29:52.8,4,2
05-15-2018 05:29:54.1,82,2
05-15-2018 05:29:54.3,81,2
05-15-2018 05:29:54.5,4,2
05-15-2018 05:30:00.9,151,1
05-15-2018 05:30:00.9,151,5
05-15-2018 05:30:00.9,47,1
05-15-2018 05:30:00.9,47,5
05-15-2018 05:30:00.9,49,1
05-15-2018 05:30:00.9,49,5
05-15-2018 05:30:01.1,48,1
05-15-2018 05:30:01.1,48,5
05-15-2018 05:30:07.4,82,12
05-15-2018 05:30:07.7,81,12
05-15-2018 05:30:10.3,82,2
05-15-2018 05:30:10.5,81,2
05-15-2018 05:30:10.7,4,2
05-15-2018 05:30:14.3,82,4
05-15-2018 05:30:14.3,2,4
05-15-2018 05:30:14.3,43,4
05-15-2018 05:30:18.8,46,1
05-15-2018 05:30:24.8,46,5
05-15-2018 05:30:28.8,49,2
05-15-2018 05:30:34.2,150,5
05-15-2018 05:30:34.2,41,2
05-15-2018 05:30:34.3,150,1
05-15-2018 05:30:34.3,48,2
05-15-2018 05:30:35.2,49,6
05-15-2018 05:30:37.7,82,22
05-15-2018 05:30:38.1,81,22
05-15-2018 05:30:40.1,82,10
05-15-2018 05:30:40.2,41,6
05-15-2018 05:30:40.3,48,6
05-15-2018 05:30:40.5,81,10
05-15-2018 05:30:41.0,82,12
05-15-2018 05:30:41.2,81,12
05-15-2018 05:30:43.2,82,2
05-15-2018 05:30:43.3,81,2
05-15-2018 05:30:46.3,4,2
05-15-2018 05:30:47.5,82,15
05-15-2018 05:30:47.8,81,15
05-15-2018 05:30:55.8,82,22
05-15-2018 05:30:56.1,81,22
05-15-2018 05:30:58.1,82,10
05-15-2018 05:30:58.5,81,10
05-15-2018 05:30:58.5,82,21
05-15-2018 05:30:58.8,81,21
05-15-2018 05:30:59.9,82,22
05-15-2018 05:31:00.3,81,22
05-15-2018 05:31:00.6,82,9
05-15-2018 05:31:00.6,82,11
05-15-2018 05:31:00.7,82,21
05-15-2018 05:31:00.9,81,9
05-15-2018 05:31:00.9,81,11
05-15-2018 05:31:01.0,81,21
05-15-2018 05:31:02.4,82,10
05-15-2018 05:31:02.7,82,22
05-15-2018 05:31:02.9,81,10
05-15-2018 05:31:03.0,81,22
05-15-2018 05:31:03.0,82,2
05-15-2018 05:31:03.1,81,2
05-15-2018 05:31:03.1,82,9
05-15-2018 05:31:03.3,81,9
05-15-2018 05:31:03.3,4,2
05-15-2018 05:31:05.2,82,10
05-15-2018 05:31:05.2,82,15
05-15-2018 05:31:05.6,81,10
05-15-2018 05:31:05.6,81,15
05-15-2018 05:31:06.6,82,16
05-15-2018 05:31:06.8,81,16
05-15-2018 05:31:10.0,82,16
05-15-2018 05:31:10.3,81,16
05-15-2018 05:31:10.4,82,15
05-15-2018 05:31:10.7,81,15
05-15-2018 05:31:13.1,82,15
05-15-2018 05:31:13.4,81,15
05-15-2018 05:31:33.5,82,12
05-15-2018 05:31:33.8,81,12
05-15-2018 05:31:34.8,82,12
05-15-2018 05:31:35.1,81,12
05-15-2018 05:31:36.1,82,2
05-15-2018 05:31:36.2,81,2
05-15-2018 05:31:36.4,4,2
05-15-2018 05:31:37.4,82,2
05-15-2018 05:31:37.5,81,2
05-15-2018 05:31:37.7,4,2
05-15-2018 05:31:41.4,82,12
05-15-2018 05:31:41.6,81,12
05-15-2018 05:31:43.3,82,2
05-15-2018 05:31:43.4,81,2
05-15-2018 05:31:43.6,4,2
05-15-2018 05:31:58.8,82,22
05-15-2018 05:31:59.3,81,22
05-15-2018 05:31:59.8,82,11
05-15-2018 05:32:00.3,81,11
05-15-2018 05:32:01.7,82,10
05-15-2018 05:32:02.0,81,10
05-15-2018 05:32:03.4,82,2
05-15-2018 05:32:03.6,81,2
05-15-2018 05:32:03.8,4,2
05-15-2018 05:32:05.1,42,2
05-15-2018 05:32:05.1,42,6
05-15-2018 05:32:05.1,46,2
05-15-2018 05:32:05.1,46,6
05-15-2018 05:32:08.7,82,15
05-15-2018 05:32:08.9,81,15
05-15-2018 05:32:15.0,151,3
05-15-2018 05:32:15.0,47,2
05-15-2018 05:32:15.0,47,3
05-15-2018 05:32:15.0,47,6
05-15-2018 05:32:15.0,49,3
05-15-2018 05:32:15.2,48,3
05-15-2018 05:32:27.3,82,21
05-15-2018 05:32:27.6,81,21
05-15-2018 05:32:29.5,82,9
05-15-2018 05:32:29.7,81,9
05-15-2018 05:32:32.9,46,3
05-15-2018 05:32:34.3,82,12
05-15-2018 05:32:34.8,81,12
05-15-2018 05:32:35.3,82,21
05-15-2018 05:32:35.6,81,21
05-15-2018 05:32:35.7,82,22
05-15-2018 05:32:35.9,82,16
05-15-2018 05:32:36.1,81,22
05-15-2018 05:32:36.2,81,16
05-15-2018 05:32:37.6,82,9
05-15-2018 05:32:37.8,81,9
05-15-2018 05:32:38.4,82,2
05-15-2018 05:32:38.5,81,2
05-15-2018 05:32:38.6,82,10
05-15-2018 05:32:38.7,4,2
05-15-2018 05:32:39.0,81,10
05-15-2018 05:32:42.9,151,4
05-15-2018 05:32:42.9,7,2
05-15-2018 05:32:42.9,7,6
05-15-2018 05:32:42.9,8,2
05-15-2018 05:32:42.9,8,6
05-15-2018 05:32:42.9,6,6
05-15-2018 05:32:42.9,47,4
05-15-2018 05:32:42.9,49,4
05-15-2018 05:32:43.0,151,1
05-15-2018 05:32:43.0,151,5
05-15-2018 05:32:43.0,151,7
05-15-2018 05:32:43.0,151,8
05-15-2018 05:32:43.0,2,2
05-15-2018 05:32:43.0,2,6
05-15-2018 05:32:43.0,47,1
05-15-2018 05:32:43.0,47,5
05-15-2018 05:32:43.0,49,1
05-15-2018 05:32:43.0,49,5
05-15-2018 05:32:44.4,82,16
05-15-2018 05:32:44.7,81,16
05-15-2018 05:32:46.0,82,12
05-15-2018 05:32:46.5,81,12
05-15-2018 05:32:46.6,82,11
05-15-2018 05:32:46.8,82,15
05-15-2018 05:32:46.9,9,2
05-15-2018 05:32:46.9,9,6
05-15-2018 05:32:46.9,10,2
05-15-2018 05:32:46.9,10,6
05-15-2018 05:32:47.1,81,15
05-15-2018 05:32:47.3,81,11
05-15-2018 05:32:47.9,12,2
05-15-2018 05:32:47.9,12,6
05-15-2018 05:32:47.9,11,2
05-15-2018 05:32:47.9,11,6
05-15-2018 05:32:47.9,0,4
05-15-2018 05:32:47.9,1,4
05-15-2018 05:32:47.9,31,1
05-15-2018 05:32:48.0,49,2
05-15-2018 05:32:48.0,49,6
05-15-2018 05:32:48.0,48,4
05-15-2018 05:32:48.0,41,2
05-15-2018 05:32:48.0,41,6
05-15-2018 05:32:48.3,82,12
05-15-2018 05:32:48.7,81,12
05-15-2018 05:32:50.0,82,2
05-15-2018 05:32:50.1,81,2
05-15-2018 05:32:50.7,82,13
05-15-2018 05:32:50.7,82,14
05-15-2018 05:32:51.9,82,2
05-15-2018 05:32:51.9,3,4
05-15-2018 05:32:52.0,81,2
05-15-2018 05:32:52.4,81,13
05-15-2018 05:32:55.6,81,14
05-15-2018 05:32:56.2,82,14
05-15-2018 05:32:56.4,81,4
05-15-2018 05:32:56.4,44,4
05-15-2018 05:32:57.7,81,14
05-15-2018 05:32:57.7,82,1
05-15-2018 05:32:59.2,7,4
05-15-2018 05:32:59.2,8,4
05-15-2018 05:32:59.2,4,4
05-15-2018 05:33:00.7,2,1
05-15-2018 05:33:00.7,43,1
05-15-2018 05:33:02.7,9,4
05-15-2018 05:33:02.7,10,4
05-15-2018 05:33:03.7,12,4
05-15-2018 05:33:03.7,11,4
05-15-2018 05:33:03.7,0,2
05-15-2018 05:33:03.7,0,6
05-15-2018 05:33:03.7,1,2
05-15-2018 05:33:03.7,1,6
05-15-2018 05:33:03.7,31,1
05-15-2018 05:33:03.8,44,1
05-15-2018 05:33:03.8,43,6
05-15-2018 05:33:03.9,4,2
05-15-2018 05:33:11.5,82,20
05-15-2018 05:33:11.7,46,4
05-15-2018 05:33:13.6,81,1
05-15-2018 05:33:15.2,81,20
05-15-2018 05:33:19.7,3,2
05-15-2018 05:33:19.7,3,6
05-15-2018 05:33:21.7,44,6
05-15-2018 05:33:21.9,48,1
05-15-2018 05:33:21.9,48,5
05-15-2018 05:33:24.0,82,12
05-15-2018 05:33:24.3,81,12
05-15-2018 05:33:25.7,82,2
05-15-2018 05:33:25.8,81,2
05-15-2018 05:33:31.7,4,2
05-15-2018 05:33:34.9,82,22
05-15-2018 05:33:35.1,81,22
05-15-2018 05:33:37.0,82,10
05-15-2018 05:33:37.3,81,10
05-15-2018 05:33:39.6,46,1
05-15-2018 05:33:39.9,82,11
05-15-2018 05:33:40.1,81,11
05-15-2018 05:33:42.2,82,2
05-15-2018 05:33:42.4,81,2
05-15-2018 05:33:44.1,82,15
05-15-2018 05:33:44.4,81,15
05-15-2018 05:33:45.6,46,5
05-15-2018 05:33:46.7,82,21
05-15-2018 05:33:47.1,81,21
05-15-2018 05:33:47.1,82,22
05-15-2018 05:33:47.5,81,22
05-15-2018 05:33:48.3,4,2
05-15-2018 05:33:48.8,82,22
05-15-2018 05:33:48.9,82,9
05-15-2018 05:33:49.1,81,22
05-15-2018 05:33:49.2,81,9
05-15-2018 05:33:49.5,82,10
05-15-2018 05:33:49.9,82,21
05-15-2018 05:33:50.2,81,21
05-15-2018 05:33:50.3,81,10
05-15-2018 05:33:51.2,82,10
05-15-2018 05:33:51.4,81,10
05-15-2018 05:33:51.7,82,11
05-15-2018 05:33:52.0,81,11
05-15-2018 05:33:52.0,82,9
05-15-2018 05:33:52.1,81,9
05-15-2018 05:33:53.8,82,2
05-15-2018 05:33:53.9,81,2
05-15-2018 05:33:54.1,150,5
05-15-2018 05:33:54.1,48,2
05-15-2018 05:33:54.1,48,6
05-15-2018 05:33:54.2,150,1
05-15-2018 05:33:55.6,82,16
05-15-2018 05:33:55.9,81,16
05-15-2018 05:33:57.0,82,15
05-15-2018 05:33:57.4,81,15
05-15-2018 05:33:58.0,82,16
05-15-2018 05:33:58.2,81,16
05-15-2018 05:33:58.4,82,15
05-15-2018 05:33:58.8,81,15
05-15-2018 05:33:59.2,82,4
05-15-2018 05:33:59.2,2,4
05-15-2018 05:33:59.2,43,4
05-15-2018 05:33:59.3,81,4
05-15-2018 05:33:59.3,44,4
05-15-2018 05:33:59.8,4,2
05-15-2018 05:34:00.7,82,22
05-15-2018 05:34:01.1,81,22
05-15-2018 05:34:03.2,82,10
05-15-2018 05:34:03.5,81,10
05-15-2018 05:34:07.5,82,22
05-15-2018 05:34:07.8,81,22
05-15-2018 05:34:09.6,82,10
05-15-2018 05:34:09.9,81,10
05-15-2018 05:34:10.5,82,15
05-15-2018 05:34:10.8,81,15
05-15-2018 05:34:15.7,82,15
05-15-2018 05:34:16.0,81,15
05-15-2018 05:34:24.1,82,22
05-15-2018 05:34:24.9,81,22
05-15-2018 05:34:28.8,82,10
05-15-2018 05:34:29.5,81,10
05-15-2018 05:34:40.4,82,15
05-15-2018 05:34:40.9,81,15
05-15-2018 05:35:02.8,82,21
05-15-2018 05:35:03.1,81,21
05-15-2018 05:35:04.8,82,9
05-15-2018 05:35:05.1,81,9
05-15-2018 05:35:06.6,82,12
05-15-2018 05:35:06.9,81,12
05-15-2018 05:35:07.7,82,22
05-15-2018 05:35:08.0,81,22
05-15-2018 05:35:09.0,82,2
05-15-2018 05:35:09.2,81,2
05-15-2018 05:35:10.0,82,10
05-15-2018 05:35:10.2,82,12
05-15-2018 05:35:10.3,81,10
05-15-2018 05:35:10.4,82,22
05-15-2018 05:35:10.5,82,16
05-15-2018 05:35:10.7,81,12
05-15-2018 05:35:10.7,81,22
05-15-2018 05:35:10.8,81,16
05-15-2018 05:35:12.5,82,2
05-15-2018 05:35:12.6,81,2
05-15-2018 05:35:12.6,82,10
05-15-2018 05:35:12.9,81,10
05-15-2018 05:35:16.7,82,15
05-15-2018 05:35:17.0,81,15
05-15-2018 05:35:18.5,4,2
05-15-2018 05:35:19.2,42,6
05-15-2018 05:35:19.2,46,6
05-15-2018 05:35:19.4,82,11
05-15-2018 05:35:19.5,82,15
05-15-2018 05:35:19.7,81,11
05-15-2018 05:35:19.7,81,15
05-15-2018 05:35:21.6,82,2
05-15-2018 05:35:21.8,81,2
05-15-2018 05:35:25.2,42,2
05-15-2018 05:35:25.2,46,2
05-15-2018 05:35:27.7,4,2
05-15-2018 05:35:28.4,82,12
05-15-2018 05:35:28.8,81,12
05-15-2018 05:35:29.2,151,3
05-15-2018 05:35:29.2,47,2
05-15-2018 05:35:29.2,47,3
05-15-2018 05:35:29.2,47,6
05-15-2018 05:35:29.2,49,3
05-15-2018 05:35:29.4,48,3
05-15-2018 05:35:30.5,82,2
05-15-2018 05:35:30.7,81,2
05-15-2018 05:35:33.0,82,22
05-15-2018 05:35:33.3,81,22
05-15-2018 05:35:35.5,82,10
05-15-2018 05:35:35.9,81,10
05-15-2018 05:35:36.6,4,2
05-15-2018 05:35:38.9,82,22
05-15-2018 05:35:39.9,81,22
05-15-2018 05:35:41.9,82,10
05-15-2018 05:35:42.9,81,10
05-15-2018 05:35:43.1,82,15
05-15-2018 05:35:43.5,81,15
05-15-2018 05:35:43.7,82,22
05-15-2018 05:35:44.0,81,22
05-15-2018 05:35:45.6,82,12
05-15-2018 05:35:45.8,81,12
05-15-2018 05:35:46.5,82,10
05-15-2018 05:35:46.8,81,10
05-15-2018 05:35:47.1,46,3
05-15-2018 05:35:47.6,82,2
05-15-2018 05:35:47.8,81,2
05-15-2018 05:35:51.2,82,15
05-15-2018 05:35:52.1,81,15
05-15-2018 05:35:52.7,82,4
05-15-2018 05:35:52.7,2,4
05-15-2018 05:35:52.7,43,4
05-15-2018 05:35:52.8,81,4
05-15-2018 05:35:52.8,44,4
05-15-2018 05:35:53.7,4,2
05-15-2018 05:35:55.2,82,15
05-15-2018 05:35:55.6,81,15
05-15-2018 05:35:56.5,82,4
05-15-2018 05:35:56.5,2,4
05-15-2018 05:35:56.5,43,4
05-15-2018 05:35:56.6,81,4
05-15-2018 05:35:56.6,44,4
05-15-2018 05:35:57.1,151,4
05-15-2018 05:35:57.1,47,4
05-15-2018 05:35:57.1,49,4
05-15-2018 05:35:57.3,48,4
05-15-2018 05:36:03.1,82,12
05-15-2018 05:36:03.6,81,12
05-15-2018 05:36:06.6,82,2
05-15-2018 05:36:06.7,81,2
05-15-2018 05:36:12.6,4,2
05-15-2018 05:36:16.4,82,12
05-15-2018 05:36:16.9,81,12
05-15-2018 05:36:19.9,82,2
05-15-2018 05:36:20.0,81,2
05-15-2018 05:36:25.0,46,4
05-15-2018 05:36:25.9,4,2
05-15-2018 05:36:27.5,82,12
05-15-2018 05:36:27.8,81,12
05-15-2018 05:36:29.7,82,2
05-15-2018 05:36:29.8,81,2
05-15-2018 05:36:34.6,82,12
05-15-2018 05:36:35.0,151,1
05-15-2018 05:36:35.0,151,5
05-15-2018 05:36:35.0,47,1
05-15-2018 05:36:35.0,47,5
05-15-2018 05:36:35.0,49,1
05-15-2018 05:36:35.0,49,5
05-15-2018 05:36:35.1,81,12
05-15-2018 05:36:35.2,48,1
05-15-2018 05:36:35.2,48,5
05-15-2018 05:36:35.7,4,2
05-15-2018 05:36:36.9,82,2
05-15-2018 05:36:37.0,81,2
05-15-2018 05:36:37.6,82,12
05-15-2018 05:36:37.7,81,12
05-15-2018 05:36:39.6,82,2
05-15-2018 05:36:39.8,81,2
05-15-2018 05:36:39.8,82,21
05-15-2018 05:36:40.1,81,21
05-15-2018 05:36:40.2,82,22
05-15-2018 05:36:40.5,81,22
05-15-2018 05:36:41.2,82,21
05-15-2018 05:36:41.5,81,21
05-15-2018 05:36:42.0,82,12
05-15-2018 05:36:42.1,82,9
05-15-2018 05:36:42.2,82,22
05-15-2018 05:36:42.3,81,9
05-15-2018 05:36:42.3,81,12
05-15-2018 05:36:42.4,81,22
05-15-2018 05:36:42.5,82,10
05-15-2018 05:36:42.8,81,10
05-15-2018 05:36:43.0,82,11
05-15-2018 05:36:43.4,81,11
05-15-2018 05:36:43.6,82,9
05-15-2018 05:36:43.8,81,9
05-15-2018 05:36:44.3,82,2
05-15-2018 05:36:44.4,81,2
05-15-2018 05:36:44.8,82,10
05-15-2018 05:36:45.1,81,10
05-15-2018 05:36:45.4,82,2
05-15-2018 05:36:45.5,81,2
05-15-2018 05:36:48.4,82,16
05-15-2018 05:36:48.8,81,16
05-15-2018 05:36:49.4,82,15
05-15-2018 05:36:49.7,81,15
05-15-2018 05:36:49.8,82,16
05-15-2018 05:36:49.8,82,22
05-15-2018 05:36:50.2,81,16
05-15-2018 05:36:50.2,81,22
05-15-2018 05:36:51.4,4,2
05-15-2018 05:36:52.1,82,10
05-15-2018 05:36:52.4,81,10
05-15-2018 05:36:52.9,46,1
05-15-2018 05:36:53.1,82,11
05-15-2018 05:36:53.5,81,11
05-15-2018 05:36:53.7,82,21
05-15-2018 05:36:54.0,81,21
05-15-2018 05:36:55.1,82,2
05-15-2018 05:36:55.2,81,2
05-15-2018 05:36:56.2,82,9
05-15-2018 05:36:56.4,81,9
05-15-2018 05:36:56.9,82,22
05-15-2018 05:36:57.2,81,22
05-15-2018 05:36:58.9,82,15
05-15-2018 05:36:58.9,46,5
05-15-2018 05:36:59.0,82,10
05-15-2018 05:36:59.2,81,15
05-15-2018 05:36:59.3,81,10
05-15-2018 05:37:00.1,82,22
05-15-2018 05:37:00.4,81,22
05-15-2018 05:37:01.1,4,2
05-15-2018 05:37:02.5,82,10
05-15-2018 05:37:02.7,82,16
05-15-2018 05:37:02.9,81,10
05-15-2018 05:37:02.9,49,2
05-15-2018 05:37:03.0,81,16
05-15-2018 05:37:05.2,82,15
05-15-2018 05:37:05.5,81,15
05-15-2018 05:37:07.3,82,22
05-15-2018 05:37:07.7,81,22
05-15-2018 05:37:09.0,82,4
05-15-2018 05:37:09.0,2,4
05-15-2018 05:37:09.0,43,4
05-15-2018 05:37:09.9,82,10
05-15-2018 05:37:09.9,82,15
05-15-2018 05:37:10.2,81,15
05-15-2018 05:37:10.5,81,10
05-15-2018 05:37:11.2,81,4
05-15-2018 05:37:11.2,44,4
05-15-2018 05:37:12.6,82,22
05-15-2018 05:37:13.0,82,4
05-15-2018 05:37:13.0,2,4
05-15-2018 05:37:13.0,43,4
05-15-2018 05:37:13.2,81,22
05-15-2018 05:37:14.2,150,5
05-15-2018 05:37:14.2,41,2
05-15-2018 05:37:14.3,150,1
05-15-2018 05:37:14.3,48,2
05-15-2018 05:37:15.3,49,6
05-15-2018 05:37:16.4,82,10
05-15-2018 05:37:17.0,81,10
05-15-2018 05:37:18.6,82,15
05-15-2018 05:37:19.0,81,15
05-15-2018 05:37:20.2,41,6
05-15-2018 05:37:20.3,48,6
05-15-2018 05:37:25.4,82,15
05-15-2018 05:37:25.8,81,15
05-15-2018 05:37:26.7,82,1
05-15-2018 05:37:29.0,81,1
05-15-2018 05:37:44.0,82,1
05-15-2018 05:37:45.9,82,20
05-15-2018 05:37:46.1,81,1
05-15-2018 05:37:46.6,81,20
05-15-2018 05:37:56.3,82,11
05-15-2018 05:37:56.6,81,11
05-15-2018 05:37:57.0,82,12
05-15-2018 05:37:57.3,81,12
05-15-2018 05:37:58.5,82,2
05-15-2018 05:37:58.6,81,2
05-15-2018 05:37:58.8,4,2
05-15-2018 05:37:58.9,82,12
05-15-2018 05:37:59.2,81,12
05-15-2018 05:37:59.5,82,2
05-15-2018 05:37:59.6,81,2
05-15-2018 05:37:59.8,4,2
05-15-2018 05:38:01.1,82,2
05-15-2018 05:38:01.3,81,2
05-15-2018 05:38:01.5,4,2
05-15-2018 05:38:17.3,82,22
05-15-2018 05:38:17.7,81,22
05-15-2018 05:38:18.2,82,12
05-15-2018 05:38:18.7,81,12
05-15-2018 05:38:20.1,82,10
05-15-2018 05:38:20.5,81,10
05-15-2018 05:38:21.3,82,2
05-15-2018 05:38:21.4,81,2
05-15-2018 05:38:21.6,4,2
05-15-2018 05:38:22.4,82,12
05-15-2018 05:38:22.7,81,12
05-15-2018 05:38:24.7,82,2
05-15-2018 05:38:24.9,81,2
05-15-2018 05:38:25.1,4,2
05-15-2018 05:38:27.1,82,15
05-15-2018 05:38:27.3,81,15
05-15-2018 05:38:28.4,82,21
05-15-2018 05:38:28.7,81,21
05-15-2018 05:38:29.7,82,22
05-15-2018 05:38:30.0,81,22
05-15-2018 05:38:30.9,82,9
05-15-2018 05:38:31.2,81,9
05-15-2018 05:38:32.0,82,10
05-15-2018 05:38:32.3,81,10
05-15-2018 05:38:32.4,82,11
05-15-2018 05:38:32.6,81,11
05-15-2018 05:38:34.4,82,2
05-15-2018 05:38:34.6,81,2
05-15-2018 05:38:34.8,4,2
05-15-2018 05:38:38.1,82,16
05-15-2018 05:38:38.4,81,16
05-15-2018 05:38:38.6,82,15
05-15-2018 05:38:38.8,81,15
05-15-2018 05:38:45.1,42,2
05-15-2018 05:38:45.1,42,6
05-15-2018 05:38:45.1,46,2
05-15-2018 05:38:45.1,46,6
05-15-2018 05:38:45.7,82,11
05-15-2018 05:38:46.0,81,11
05-15-2018 05:38:47.7,82,2
05-15-2018 05:38:47.8,81,2
05-15-2018 05:38:48.0,4,2
05-15-2018 05:38:51.6,82,12
05-15-2018 05:38:51.8,81,12
05-15-2018 05:38:53.8,82,2
05-15-2018 05:38:53.9,81,2
05-15-2018 05:38:54.1,4,2
05-15-2018 05:38:55.1,151,3
05-15-2018 05:38:55.1,47,2
05-15-2018 05:38:55.1,47,3
05-15-2018 05:38:55.1,47,6
05-15-2018 05:38:55.1,49,3
05-15-2018 05:38:55.3,48,3
05-15-2018 05:39:02.1,82,22
05-15-2018 05:39:02.4,81,22
05-15-2018 05:39:02.6,82,21
05-15-2018 05:39:03.0,81,21
05-15-2018 05:39:04.4,82,10
05-15-2018 05:39:04.6,81,10
05-15-2018 05:39:04.9,82,9
05-15-2018 05:39:05.4,81,9
05-15-2018 05:39:09.6,82,22
05-15-2018 05:39:10.0,81,22
05-15-2018 05:39:10.1,82,21
05-15-2018 05:39:10.5,81,21
05-15-2018 05:39:10.7,82,15
05-15-2018 05:39:11.1,81,15
05-15-2018 05:39:11.5,82,16
05-15-2018 05:39:11.8,81,16
05-15-2018 05:39:12.3,82,9
05-15-2018 05:39:12.4,82,10
05-15-2018 05:39:12.6,81,9
05-15-2018 05:39:12.7,81,10
05-15-2018 05:39:13.0,46,3
05-15-2018 05:39:18.4,82,16
05-15-2018 05:39:18.7,81,16
05-15-2018 05:39:20.8,82,15
05-15-2018 05:39:21.1,81,15
05-15-2018 05:39:23.0,151,4
05-15-2018 05:39:23.0,7,2
05-15-2018 05:39:23.0,7,6
05-15-2018 05:39:23.0,8,2
05-15-2018 05:39:23.0,8,6
05-15-2018 05:39:23.0,6,6
05-15-2018 05:39:23.0,47,4
05-15-2018 05:39:23.0,49,4
05-15-2018 05:39:23.1,151,1
05-15-2018 05:39:23.1,151,5
05-15-2018 05:39:23.1,151,7
05-15-2018 05:39:23.1,151,8
05-15-2018 05:39:23.1,2,2
05-15-2018 05:39:23.1,2,6
05-15-2018 05:39:23.1,47,1
05-15-2018 05:39:23.1,47,5
05-15-2018 05:39:23.1,49,1
05-15-2018 05:39:23.1,49,5
05-15-2018 05:39:27.0,9,2
05-15-2018 05:39:27.0,9,6
05-15-2018 05:39:27.0,10,2
05-15-2018 05:39:27.0,10,6
05-15-2018 05:39:28.0,12,2
05-15-2018 05:39:28.0,12,6
05-15-2018 05:39:28.0,11,2
05-15-2018 05:39:28.0,11,6
05-15-2018 05:39:28.0,0,4
05-15-2018 05:39:28.0,1,4
05-15-2018 05:39:28.0,31,1
05-15-2018 05:39:28.1,49,2
05-15-2018 05:39:28.1,49,6
05-15-2018 05:39:28.1,48,4
05-15-2018 05:39:28.1,41,2
05-15-2018 05:39:28.1,41,6
05-15-2018 05:39:30.2,82,11
05-15-2018 05:39:30.9,81,11
05-15-2018 05:39:31.3,82,13
05-15-2018 05:39:32.0,3,4
05-15-2018 05:39:33.1,81,13
05-15-2018 05:39:34.0,82,2
05-15-2018 05:39:34.2,81,2
05-15-2018 05:39:34.9,82,13
05-15-2018 05:39:35.8,81,4
05-15-2018 05:39:35.8,44,4
05-15-2018 05:39:36.3,81,13
05-15-2018 05:39:36.8,82,4
05-15-2018 05:39:36.8,43,4
05-15-2018 05:39:37.6,82,13
05-15-2018 05:39:38.2,81,4
05-15-2018 05:39:38.2,44,4
05-15-2018 05:39:38.4,81,13
05-15-2018 05:39:39.8,82,15
05-15-2018 05:39:40.6,81,15
05-15-2018 05:39:41.0,7,4
05-15-2018 05:39:41.0,8,4
05-15-2018 05:39:41.0,4,4
05-15-2018 05:39:41.9,82,4
05-15-2018 05:39:41.9,2,4
05-15-2018 05:39:41.9,43,4
05-15-2018 05:39:42.0,81,4
05-15-2018 05:39:42.0,44,4
05-15-2018 05:39:44.5,9,4
05-15-2018 05:39:44.5,10,4
05-15-2018 05:39:45.5,12,4
05-15-2018 05:39:45.5,11,4
05-15-2018 05:39:45.5,0,2
05-15-2018 05:39:45.5,0,6
05-15-2018 05:39:45.5,1,2
05-15-2018 05:39:45.5,1,6
05-15-2018 05:39:45.5,31,1
05-15-2018 05:39:45.6,43,6
05-15-2018 05:39:45.7,4,2
05-15-2018 05:39:51.8,46,4
05-15-2018 05:40:01.5,3,2
05-15-2018 05:40:01.5,3,6
05-15-2018 05:40:01.8,44,6
05-15-2018 05:40:02.0,48,1
05-15-2018 05:40:02.0,48,5
05-15-2018 05:40:10.3,82,21
05-15-2018 05:40:10.6,81,21
05-15-2018 05:40:12.4,82,9
05-15-2018 05:40:12.7,81,9
05-15-2018 05:40:18.5,82,16
05-15-2018 05:40:18.8,81,16
05-15-2018 05:40:19.7,46,1
05-15-2018 05:40:25.1,82,11
05-15-2018 05:40:25.5,81,11
05-15-2018 05:40:25.7,46,5
05-15-2018 05:40:27.7,82,2
05-15-2018 05:40:27.8,81,2
05-15-2018 05:40:33.7,4,2
05-15-2018 05:40:34.2,150,5
05-15-2018 05:40:34.2,48,2
05-15-2018 05:40:34.2,48,6
05-15-2018 05:40:34.3,150,1
05-15-2018 05:40:42.1,82,12
05-15-2018 05:40:42.3,81,12
05-15-2018 05:40:43.9,82,2
05-15-2018 05:40:44.0,81,2
05-15-2018 05:40:49.9,4,2
05-15-2018 05:41:06.6,82,12
05-15-2018 05:41:06.9,81,12
05-15-2018 05:41:09.1,82,2
05-15-2018 05:41:09.2,81,2
05-15-2018 05:41:15.1,4,2
05-15-2018 05:41:30.6,82,12
05-15-2018 05:41:30.9,81,12
05-15-2018 05:41:33.0,82,2
05-15-2018 05:41:33.1,81,2
05-15-2018 05:41:33.9,82,12
05-15-2018 05:41:34.2,81,12
05-15-2018 05:41:35.9,82,2
05-15-2018 05:41:36.1,81,2
05-15-2018 05:41:39.6,82,11
05-15-2018 05:41:40.0,81,11
05-15-2018 05:41:41.6,82,12
05-15-2018 05:41:41.8,82,2
05-15-2018 05:41:41.9,81,2
05-15-2018 05:41:42.1,81,12
05-15-2018 05:41:43.8,82,2
05-15-2018 05:41:43.9,81,2
05-15-2018 05:41:49.8,4,2
05-15-2018 05:41:57.2,82,4
05-15-2018 05:41:57.2,2,4
05-15-2018 05:41:57.2,43,4
05-15-2018 05:41:58.5,82,22
05-15-2018 05:41:59.0,81,22
05-15-2018 05:41:59.2,42,6
05-15-2018 05:41:59.2,46,6
05-15-2018 05:41:59.5,81,4
05-15-2018 05:41:59.5,44,4
05-15-2018 05:42:00.5,82,22
05-15-2018 05:42:01.3,82,12
05-15-2018 05:42:01.6,81,12
05-15-2018 05:42:01.7,81,22
05-15-2018 05:42:01.7,82,10
05-15-2018 05:42:01.8,82,4
05-15-2018 05:42:01.8,2,4
05-15-2018 05:42:01.8,43,4
05-15-2018 05:42:02.1,81,10
05-15-2018 05:42:03.3,82,2
05-15-2018 05:42:03.4,81,2
05-15-2018 05:42:03.6,82,10
05-15-2018 05:42:04.7,81,10
05-15-2018 05:42:05.2,42,2
05-15-2018 05:42:05.2,46,2
05-15-2018 05:42:06.7,82,21
05-15-2018 05:42:07.0,81,21
05-15-2018 05:42:08.7,82,9
05-15-2018 05:42:08.9,81,9
05-15-2018 05:42:09.3,4,2
05-15-2018 05:42:09.4,151,3
05-15-2018 05:42:09.4,47,2
05-15-2018 05:42:09.4,47,3
05-15-2018 05:42:09.4,47,6
05-15-2018 05:42:09.4,49,3
05-15-2018 05:42:09.6,82,15
05-15-2018 05:42:09.6,48,3
05-15-2018 05:42:10.1,81,15
05-15-2018 05:42:12.8,82,15
05-15-2018 05:42:13.9,81,15
05-15-2018 05:42:14.5,82,16
05-15-2018 05:42:14.8,81,16
05-15-2018 05:42:21.1,82,11
05-15-2018 05:42:21.4,81,11
05-15-2018 05:42:21.8,82,12
05-15-2018 05:42:22.0,81,12
05-15-2018 05:42:23.1,82,2
05-15-2018 05:42:23.2,81,2
05-15-2018 05:42:24.0,82,2
05-15-2018 05:42:24.1,81,2
05-15-2018 05:42:28.9,4,2
05-15-2018 05:42:29.1,46,3
05-15-2018 05:42:30.0,82,11
05-15-2018 05:42:30.6,81,11
05-15-2018 05:42:33.8,82,2
05-15-2018 05:42:33.9,81,2
05-15-2018 05:42:34.9,82,22
05-15-2018 05:42:35.2,81,22
05-15-2018 05:42:36.1,4,2
05-15-2018 05:42:37.1,82,10
05-15-2018 05:42:37.5,81,10
05-15-2018 05:42:39.1,151,4
05-15-2018 05:42:39.1,7,2
05-15-2018 05:42:39.1,7,6
05-15-2018 05:42:39.1,8,2
05-15-2018 05:42:39.1,8,6
05-15-2018 05:42:39.1,6,6
05-15-2018 05:42:39.1,47,4
05-15-2018 05:42:39.1,49,4
05-15-2018 05:42:39.2,151,1
05-15-2018 05:42:39.2,151,5
05-15-2018 05:42:39.2,151,7
05-15-2018 05:42:39.2,151,8
05-15-2018 05:42:39.2,2,2
05-15-2018 05:42:39.2,2,6
05-15-2018 05:42:39.2,47,1
05-15-2018 05:42:39.2,47,5
05-15-2018 05:42:39.2,49,1
05-15-2018 05:42:39.2,49,5
05-15-2018 05:42:43.1,9,2
05-15-2018 05:42:43.1,9,6
05-15-2018 05:42:43.1,10,2
05-15-2018 05:42:43.1,10,6
05-15-2018 05:42:43.6,82,15
05-15-2018 05:42:44.0,81,15
05-15-2018 05:42:44.1,12,2
05-15-2018 05:42:44.1,12,6
05-15-2018 05:42:44.1,11,2
05-15-2018 05:42:44.1,11,6
05-15-2018 05:42:44.1,0,4
05-15-2018 05:42:44.1,1,4
05-15-2018 05:42:44.1,31,1
05-15-2018 05:42:44.2,49,2
05-15-2018 05:42:44.2,49,6
05-15-2018 05:42:44.2,48,4
05-15-2018 05:42:44.2,41,2
05-15-2018 05:42:44.2,41,6
05-15-2018 05:42:47.1,82,9
05-15-2018 05:42:47.4,81,9
05-15-2018 05:42:48.1,3,4
05-15-2018 05:42:50.6,82,11
05-15-2018 05:42:51.1,81,11
05-15-2018 05:42:52.7,82,22
05-15-2018 05:42:53.4,81,22
05-15-2018 05:42:53.5,82,2
05-15-2018 05:42:53.6,81,2
05-15-2018 05:42:56.9,82,10
05-15-2018 05:42:57.6,81,10
05-15-2018 05:43:06.1,82,13
05-15-2018 05:43:06.8,81,4
05-15-2018 05:43:06.8,44,4
05-15-2018 05:43:07.5,81,13
05-15-2018 05:43:09.6,7,4
05-15-2018 05:43:09.6,8,4
05-15-2018 05:43:09.6,4,4
05-15-2018 05:43:10.6,46,4
05-15-2018 05:43:13.1,9,4
05-15-2018 05:43:13.1,10,4
05-15-2018 05:43:13.8,82,21
05-15-2018 05:43:14.1,12,4
05-15-2018 05:43:14.1,11,4
05-15-2018 05:43:14.1,0,2
05-15-2018 05:43:14.1,0,6
05-15-2018 05:43:14.1,1,2
05-15-2018 05:43:14.1,1,6
05-15-2018 05:43:14.1,31,1
05-15-2018 05:43:14.2,81,21
05-15-2018 05:43:14.2,43,6
05-15-2018 05:43:14.3,4,2
05-15-2018 05:43:16.3,82,9
05-15-2018 05:43:16.8,81,9
05-15-2018 05:43:20.2,44,6
05-15-2018 05:43:20.4,48,1
05-15-2018 05:43:20.4,48,5
05-15-2018 05:43:22.2,82,15
05-15-2018 05:43:22.8,82,22
05-15-2018 05:43:22.9,81,15
05-15-2018 05:43:23.5,82,16
05-15-2018 05:43:23.7,81,22
05-15-2018 05:43:24.2,81,16
05-15-2018 05:43:24.8,82,22
05-15-2018 05:43:25.2,81,22
05-15-2018 05:43:25.9,82,10
05-15-2018 05:43:26.9,81,10
05-15-2018 05:43:26.9,82,16
05-15-2018 05:43:27.3,81,16
05-15-2018 05:43:27.8,82,10
05-15-2018 05:43:28.3,81,10
05-15-2018 05:43:30.1,3,2
05-15-2018 05:43:30.1,3,6
05-15-2018 05:43:39.3,46,1
05-15-2018 05:43:40.0,82,22
05-15-2018 05:43:40.5,82,12
05-15-2018 05:43:40.6,81,22
05-15-2018 05:43:40.8,81,12
05-15-2018 05:43:40.9,82,4
05-15-2018 05:43:40.9,2,4
05-15-2018 05:43:40.9,43,4
05-15-2018 05:43:42.7,82,2
05-15-2018 05:43:42.8,81,2
05-15-2018 05:43:43.7,82,10
05-15-2018 05:43:44.1,81,4
05-15-2018 05:43:44.1,81,10
05-15-2018 05:43:44.1,44,4
05-15-2018 05:43:45.1,82,2
05-15-2018 05:43:45.2,81,2
05-15-2018 05:43:45.4,82,21
05-15-2018 05:43:45.4,46,5
05-15-2018 05:43:45.7,81,21
05-15-2018 05:43:45.7,82,22
05-15-2018 05:43:46.0,81,22
05-15-2018 05:43:47.6,82,11
05-15-2018 05:43:47.8,82,9
05-15-2018 05:43:47.9,81,11
05-15-2018 05:43:48.1,82,10
05-15-2018 05:43:48.2,81,9
05-15-2018 05:43:48.3,82,22
05-15-2018 05:43:48.5,81,10
05-15-2018 05:43:48.8,81,22
05-15-2018 05:43:49.5,82,2
05-15-2018 05:43:49.6,81,2
05-15-2018 05:43:51.0,82,10
05-15-2018 05:43:51.3,81,10
05-15-2018 05:43:52.3,82,15
05-15-2018 05:43:52.7,81,15
05-15-2018 05:43:53.1,82,21
05-15-2018 05:43:53.6,81,21
05-15-2018 05:43:54.3,150,5
05-15-2018 05:43:54.3,48,2
05-15-2018 05:43:54.3,48,6
05-15-2018 05:43:54.4,150,1
05-15-2018 05:43:54.9,82,16
05-15-2018 05:43:55.1,81,16
05-15-2018 05:43:55.3,82,15
05-15-2018 05:43:55.5,4,2
05-15-2018 05:43:55.6,81,15
05-15-2018 05:43:56.5,82,9
05-15-2018 05:43:56.9,81,9
05-15-2018 05:43:58.8,82,15
05-15-2018 05:43:59.1,81,15
05-15-2018 05:44:00.4,82,11
05-15-2018 05:44:00.6,81,11
05-15-2018 05:44:02.5,82,2
05-15-2018 05:44:02.7,81,2
05-15-2018 05:44:05.2,82,1
05-15-2018 05:44:08.1,82,20
05-15-2018 05:44:08.6,4,2
05-15-2018 05:44:08.9,81,1
05-15-2018 05:44:09.6,81,20
05-15-2018 05:44:20.6,82,1
05-15-2018 05:44:23.1,82,20
05-15-2018 05:44:23.8,81,1
05-15-2018 05:44:23.8,81,20
05-15-2018 05:44:25.8,82,12
05-15-2018 05:44:26.1,81,12
05-15-2018 05:44:28.4,82,2
05-15-2018 05:44:28.5,81,2
05-15-2018 05:44:34.4,4,2
05-15-2018 05:44:37.3,82,11
05-15-2018 05:44:37.6,81,11
05-15-2018 05:44:39.5,82,2
05-15-2018 05:44:39.6,81,2
05-15-2018 05:44:45.3,82,12
05-15-2018 05:44:45.5,4,2
05-15-2018 05:44:45.7,81,12
05-15-2018 05:44:47.9,82,2
05-15-2018 05:44:48.0,81,2
05-15-2018 05:44:48.4,82,22
05-15-2018 05:44:48.8,81,22
05-15-2018 05:44:50.6,82,10
05-15-2018 05:44:51.0,81,10
05-15-2018 05:44:52.4,82,22
05-15-2018 05:44:52.7,81,22
05-15-2018 05:44:53.0,82,12
05-15-2018 05:44:53.3,81,12
05-15-2018 05:44:53.9,4,2
05-15-2018 05:44:54.7,82,10
05-15-2018 05:44:55.0,81,10
05-15-2018 05:44:55.5,82,2
05-15-2018 05:44:55.6,81,2
05-15-2018 05:44:57.2,82,15
05-15-2018 05:44:57.5,81,15
05-15-2018 05:45:01.4,82,15
05-15-2018 05:45:01.5,4,2
05-15-2018 05:45:01.7,81,15
05-15-2018 05:45:05.2,82,12
05-15-2018 05:45:05.5,81,12
05-15-2018 05:45:07.9,82,2
05-15-2018 05:45:08.0,81,2
05-15-2018 05:45:13.9,4,2
05-15-2018 05:45:16.2,82,12
05-15-2018 05:45:16.4,81,12
05-15-2018 05:45:18.2,82,2
05-15-2018 05:45:18.3,81,2
05-15-2018 05:45:19.3,42,6
05-15-2018 05:45:19.3,46,6
05-15-2018 05:45:19.6,82,22
05-15-2018 05:45:19.9,81,22
05-15-2018 05:45:21.4,82,12
05-15-2018 05:45:21.7,81,12
05-15-2018 05:45:21.8,82,10
05-15-2018 05:45:21.9,82,21
05-15-2018 05:45:22.1,81,10
05-15-2018 05:45:22.4,81,21
05-15-2018 05:45:23.6,82,2
05-15-2018 05:45:23.7,81,2
05-15-2018 05:45:24.0,82,21
05-15-2018 05:45:24.4,82,9
05-15-2018 05:45:24.5,81,21
05-15-2018 05:45:24.9,81,9
05-15-2018 05:45:25.3,42,2
05-15-2018 05:45:25.3,46,2
05-15-2018 05:45:26.6,82,9
05-15-2018 05:45:27.1,81,9
05-15-2018 05:45:28.3,82,15
05-15-2018 05:45:28.6,81,15
05-15-2018 05:45:29.6,4,2
05-15-2018 05:45:29.7,151,3
05-15-2018 05:45:29.7,47,2
05-15-2018 05:45:29.7,47,3
05-15-2018 05:45:29.7,47,6
05-15-2018 05:45:29.7,49,3
05-15-2018 05:45:29.9,48,3
05-15-2018 05:45:31.3,82,16
05-15-2018 05:45:31.7,81,16
05-15-2018 05:45:33.8,82,16
05-15-2018 05:45:34.2,81,16
05-15-2018 05:45:35.9,82,21
05-15-2018 05:45:36.2,81,21
05-15-2018 05:45:38.1,82,9
05-15-2018 05:45:38.4,81,9
05-15-2018 05:45:44.7,82,16
05-15-2018 05:45:45.0,81,16
05-15-2018 05:45:49.3,46,3
05-15-2018 05:45:51.3,82,12
05-15-2018 05:45:51.9,81,12
05-15-2018 05:45:54.9,82,2
05-15-2018 05:45:55.1,81,2
05-15-2018 05:45:59.3,151,4
05-15-2018 05:45:59.3,47,4
05-15-2018 05:45:59.3,49,4
05-15-2018 05:45:59.5,48,4
05-15-2018 05:46:00.2,82,22
05-15-2018 05:46:00.8,81,22
05-15-2018 05:46:01.0,4,2
05-15-2018 05:46:03.7,82,10
05-15-2018 05:46:04.2,81,10
05-15-2018 05:46:27.4,82,12
05-15-2018 05:46:27.8,81,12
05-15-2018 05:46:28.5,82,22
05-15-2018 05:46:28.9,81,22
05-15-2018 05:46:29.5,82,2
05-15-2018 05:46:29.6,81,2
05-15-2018 05:46:29.6,82,21
05-15-2018 05:46:29.9,81,21
05-15-2018 05:46:29.9,46,4
05-15-2018 05:46:30.8,82,10
05-15-2018 05:46:31.1,81,10
05-15-2018 05:46:32.0,82,9
05-15-2018 05:46:32.0,82,22
05-15-2018 05:46:32.3,81,9
05-15-2018 05:46:32.4,81,22
05-15-2018 05:46:34.4,82,10
05-15-2018 05:46:34.8,81,10
05-15-2018 05:46:35.5,4,2
05-15-2018 05:46:37.4,82,15
05-15-2018 05:46:37.7,81,15
05-15-2018 05:46:38.5,82,16
05-15-2018 05:46:38.8,81,16
05-15-2018 05:46:39.9,151,1
05-15-2018 05:46:39.9,151,5
05-15-2018 05:46:39.9,47,1
05-15-2018 05:46:39.9,47,5
05-15-2018 05:46:39.9,49,1
05-15-2018 05:46:39.9,49,5
05-15-2018 05:46:40.1,48,1
05-15-2018 05:46:40.1,48,5
05-15-2018 05:46:41.4,82,15
05-15-2018 05:46:41.8,81,15
05-15-2018 05:46:43.1,82,12
05-15-2018 05:46:43.4,81,12
05-15-2018 05:46:45.5,82,2
05-15-2018 05:46:45.6,81,2
05-15-2018 05:46:46.6,82,11
05-15-2018 05:46:46.9,81,11
05-15-2018 05:46:48.7,82,2
05-15-2018 05:46:48.8,81,2
05-15-2018 05:46:54.7,4,2
05-15-2018 05:46:56.1,82,22
05-15-2018 05:46:56.5,81,22
05-15-2018 05:46:58.8,82,10
05-15-2018 05:46:59.0,46,1
05-15-2018 05:46:59.2,81,10
05-15-2018 05:47:05.0,46,5
05-15-2018 05:47:06.6,82,15
05-15-2018 05:47:06.9,81,15
05-15-2018 05:47:09.0,82,11
05-15-2018 05:47:09.0,49,2
05-15-2018 05:47:09.2,81,11
05-15-2018 05:47:10.6,82,2
05-15-2018 05:47:10.8,81,2
05-15-2018 05:47:14.3,150,5
05-15-2018 05:47:14.3,41,2
05-15-2018 05:47:14.4,150,1
05-15-2018 05:47:14.4,48,2
05-15-2018 05:47:15.4,49,6
05-15-2018 05:47:16.7,4,2
05-15-2018 05:47:20.3,41,6
05-15-2018 05:47:20.4,48,6
05-15-2018 05:47:34.1,82,22
05-15-2018 05:47:34.5,81,22
05-15-2018 05:47:36.1,82,10
05-15-2018 05:47:36.3,81,10
05-15-2018 05:47:41.6,82,15
05-15-2018 05:47:41.9,81,15
05-15-2018 05:47:44.1,82,4
05-15-2018 05:47:44.1,2,4
05-15-2018 05:47:44.1,43,4
05-15-2018 05:47:45.2,82,22
05-15-2018 05:47:45.4,81,22
05-15-2018 05:47:47.5,82,12
05-15-2018 05:47:47.6,82,10
05-15-2018 05:47:47.8,81,12
05-15-2018 05:47:48.0,81,10
05-15-2018 05:47:49.5,82,2
05-15-2018 05:47:49.6,81,2
05-15-2018 05:47:55.4,82,15
05-15-2018 05:47:55.5,4,2
05-15-2018 05:47:55.7,81,15
05-15-2018 05:47:56.5,82,21
05-15-2018 05:47:56.8,81,21
05-15-2018 05:47:58.8,82,9
05-15-2018 05:47:59.2,81,9
05-15-2018 05:47:59.8,81,4
05-15-2018 05:47:59.8,44,4
05-15-2018 05:48:00.2,82,15
05-15-2018 05:48:02.7,81,15
05-15-2018 05:48:03.8,82,4
05-15-2018 05:48:03.8,2,4
05-15-2018 05:48:03.8,43,4
05-15-2018 05:48:03.9,81,4
05-15-2018 05:48:03.9,44,4
05-15-2018 05:48:06.4,82,16
05-15-2018 05:48:06.7,81,16
05-15-2018 05:48:08.2,82,11
05-15-2018 05:48:08.4,81,11
05-15-2018 05:48:08.4,82,12
05-15-2018 05:48:08.7,81,12
05-15-2018 05:48:09.9,82,2
05-15-2018 05:48:10.1,81,2
05-15-2018 05:48:16.0,4,2
05-15-2018 05:48:18.4,82,21
05-15-2018 05:48:18.7,81,21
05-15-2018 05:48:20.3,82,9
05-15-2018 05:48:20.5,81,9
05-15-2018 05:48:25.4,82,22
05-15-2018 05:48:25.9,82,16
05-15-2018 05:48:26.1,81,22
05-15-2018 05:48:26.3,81,16
05-15-2018 05:48:27.3,82,12
05-15-2018 05:48:27.5,81,12
05-15-2018 05:48:28.2,82,10
05-15-2018 05:48:28.2,82,22
05-15-2018 05:48:28.8,81,10
05-15-2018 05:48:28.8,81,22
05-15-2018 05:48:29.1,82,2
05-15-2018 05:48:29.3,81,2
05-15-2018 05:48:29.4,82,22
05-15-2018 05:48:29.8,81,22
05-15-2018 05:48:31.7,82,10
05-15-2018 05:48:32.2,81,10
05-15-2018 05:48:32.5,82,22
05-15-2018 05:48:33.0,81,22
05-15-2018 05:48:33.0,82,10
05-15-2018 05:48:33.5,81,10
05-15-2018 05:48:35.2,4,2
05-15-2018 05:48:36.0,82,10
05-15-2018 05:48:36.3,82,15
05-15-2018 05:48:36.5,81,10
05-15-2018 05:48:37.0,81,15
05-15-2018 05:48:45.2,42,2
05-15-2018 05:48:45.2,42,6
05-15-2018 05:48:45.2,46,2
05-15-2018 05:48:45.2,46,6
05-15-2018 05:48:48.3,82,16
05-15-2018 05:48:48.7,81,16
05-15-2018 05:48:49.7,82,11
05-15-2018 05:48:50.0,81,11
05-15-2018 05:48:50.9,82,12
05-15-2018 05:48:51.3,81,12
05-15-2018 05:48:51.8,82,2
05-15-2018 05:48:52.0,81,2
05-15-2018 05:48:53.1,82,2
05-15-2018 05:48:53.3,81,2
05-15-2018 05:48:54.5,82,1
05-15-2018 05:48:55.2,151,3
05-15-2018 05:48:55.2,47,2
05-15-2018 05:48:55.2,47,3
05-15-2018 05:48:55.2,47,6
05-15-2018 05:48:55.2,49,3
05-15-2018 05:48:55.4,48,3
05-15-2018 05:48:56.7,82,12
05-15-2018 05:48:56.9,81,12
05-15-2018 05:48:58.9,82,2
05-15-2018 05:48:59.0,81,2
05-15-2018 05:49:02.6,82,20
05-15-2018 05:49:03.3,81,1
05-15-2018 05:49:04.1,81,20
05-15-2018 05:49:04.9,4,2
05-15-2018 05:49:12.6,82,22
05-15-2018 05:49:13.1,81,22
05-15-2018 05:49:13.1,46,3
05-15-2018 05:49:14.8,82,10
05-15-2018 05:49:15.1,81,10
05-15-2018 05:49:21.0,82,15
05-15-2018 05:49:21.3,81,15
05-15-2018 05:49:23.1,151,4
05-15-2018 05:49:23.1,47,4
05-15-2018 05:49:23.1,49,4
05-15-2018 05:49:23.3,48,4
05-15-2018 05:49:25.8,82,21
05-15-2018 05:49:26.0,81,21
05-15-2018 05:49:27.6,82,9
05-15-2018 05:49:27.9,81,9
05-15-2018 05:49:33.2,82,16
05-15-2018 05:49:33.4,81,16
05-15-2018 05:49:42.8,82,12
05-15-2018 05:49:43.1,81,12
05-15-2018 05:49:44.2,82,22
05-15-2018 05:49:44.5,81,22
05-15-2018 05:49:44.9,82,2
05-15-2018 05:49:45.1,81,2
05-15-2018 05:49:45.3,82,21
05-15-2018 05:49:45.5,81,21
05-15-2018 05:49:46.7,82,10
05-15-2018 05:49:46.9,82,22
05-15-2018 05:49:47.1,81,10
05-15-2018 05:49:47.3,81,22
05-15-2018 05:49:47.7,82,9
05-15-2018 05:49:48.0,81,9
05-15-2018 05:49:49.4,82,10
05-15-2018 05:49:49.7,81,10
05-15-2018 05:49:51.0,4,2
05-15-2018 05:49:51.0,46,4
05-15-2018 05:49:53.4,82,12
05-15-2018 05:49:53.6,81,12
05-15-2018 05:49:54.2,82,15
05-15-2018 05:49:54.6,81,15
05-15-2018 05:49:54.8,82,2
05-15-2018 05:49:54.9,81,2
05-15-2018 05:49:55.3,82,16
05-15-2018 05:49:55.6,81,16
05-15-2018 05:49:56.5,82,15
05-15-2018 05:49:56.8,81,15
05-15-2018 05:50:00.8,4,2
05-15-2018 05:50:01.0,151,1
05-15-2018 05:50:01.0,151,5
05-15-2018 05:50:01.0,47,1
05-15-2018 05:50:01.0,47,5
05-15-2018 05:50:01.0,49,1
05-15-2018 05:50:01.0,49,5
05-15-2018 05:50:01.2,48,1
05-15-2018 05:50:01.2,48,5
05-15-2018 05:50:03.2,82,12
05-15-2018 05:50:03.5,81,12
05-15-2018 05:50:05.0,82,2
05-15-2018 05:50:05.2,81,2
05-15-2018 05:50:11.1,4,2
05-15-2018 05:50:11.9,82,22
05-15-2018 05:50:12.4,82,4
05-15-2018 05:50:12.4,2,4
05-15-2018 05:50:12.4,43,4
05-15-2018 05:50:12.5,81,22
05-15-2018 05:50:15.2,81,4
05-15-2018 05:50:15.2,44,4
05-15-2018 05:50:15.5,82,10
05-15-2018 05:50:16.0,81,10
05-15-2018 05:50:18.3,82,4
05-15-2018 05:50:18.3,2,4
05-15-2018 05:50:18.3,43,4
05-15-2018 05:50:18.9,46,1
05-15-2018 05:50:23.8,82,15
05-15-2018 05:50:24.2,81,15
05-15-2018 05:50:24.9,46,5
05-15-2018 05:50:28.9,49,2
05-15-2018 05:50:34.3,150,5
05-15-2018 05:50:34.3,41,2
05-15-2018 05:50:34.4,150,1
05-15-2018 05:50:34.4,48,2
05-15-2018 05:50:35.2,82,11
05-15-2018 05:50:35.3,49,6
05-15-2018 05:50:35.5,81,11
05-15-2018 05:50:37.1,82,2
05-15-2018 05:50:37.3,81,2
05-15-2018 05:50:40.3,41,6
05-15-2018 05:50:40.4,48,6
05-15-2018 05:50:43.0,4,2
05-15-2018 05:51:01.8,82,22
05-15-2018 05:51:02.1,81,22
05-15-2018 05:51:02.3,82,21
05-15-2018 05:51:02.7,81,21
05-15-2018 05:51:04.0,82,10
05-15-2018 05:51:04.2,81,10
05-15-2018 05:51:04.5,82,9
05-15-2018 05:51:04.8,81,9
05-15-2018 05:51:10.4,82,15
05-15-2018 05:51:10.7,81,15
05-15-2018 05:51:11.0,82,16
05-15-2018 05:51:11.2,81,16
05-15-2018 05:51:14.5,82,15
05-15-2018 05:51:15.1,82,21
05-15-2018 05:51:15.3,81,15
05-15-2018 05:51:15.4,81,21
05-15-2018 05:51:17.0,82,9
05-15-2018 05:51:17.3,81,9
05-15-2018 05:51:17.8,82,22
05-15-2018 05:51:18.1,81,22
05-15-2018 05:51:19.9,82,10
05-15-2018 05:51:20.2,81,10
05-15-2018 05:51:23.0,82,16
05-15-2018 05:51:23.1,81,16
05-15-2018 05:51:26.1,82,15
05-15-2018 05:51:26.4,81,15
05-15-2018 05:51:31.4,82,12
05-15-2018 05:51:31.7,81,12
05-15-2018 05:51:33.6,82,2
05-15-2018 05:51:33.7,81,2
05-15-2018 05:51:33.9,4,2
05-15-2018 05:51:41.8,82,11
05-15-2018 05:51:42.1,81,11
05-15-2018 05:51:43.8,82,12
05-15-2018 05:51:44.0,81,12
05-15-2018 05:51:44.2,82,2
05-15-2018 05:51:44.3,81,2
05-15-2018 05:51:44.5,4,2
05-15-2018 05:51:46.2,82,2
05-15-2018 05:51:46.3,81,2
05-15-2018 05:51:46.5,4,2
05-15-2018 05:51:46.7,82,11
05-15-2018 05:51:47.1,81,11
05-15-2018 05:51:49.3,82,2
05-15-2018 05:51:49.4,81,2
05-15-2018 05:51:49.6,4,2
05-15-2018 05:51:53.7,82,13
05-15-2018 05:51:55.1,81,4
05-15-2018 05:51:55.1,44,4
05-15-2018 05:51:55.7,81,13
05-15-2018 05:52:02.5,82,11
05-15-2018 05:52:02.7,81,11
05-15-2018 05:52:02.9,82,12
05-15-2018 05:52:03.2,81,12
05-15-2018 05:52:04.1,82,2
05-15-2018 05:52:04.2,81,2
05-15-2018 05:52:04.4,4,2
05-15-2018 05:52:05.0,82,2
05-15-2018 05:52:05.1,81,2
05-15-2018 05:52:05.2,42,2
05-15-2018 05:52:05.2,42,6
05-15-2018 05:52:05.2,46,2
05-15-2018 05:52:05.2,46,6
05-15-2018 05:52:05.3,4,2
05-15-2018 05:52:06.1,82,4
05-15-2018 05:52:06.1,82,22
05-15-2018 05:52:06.1,2,4
05-15-2018 05:52:06.1,43,4
05-15-2018 05:52:06.4,81,22
05-15-2018 05:52:08.4,81,4
05-15-2018 05:52:08.4,82,10
05-15-2018 05:52:08.4,44,4
05-15-2018 05:52:08.7,81,10
05-15-2018 05:52:10.1,82,4
05-15-2018 05:52:10.1,2,4
05-15-2018 05:52:10.1,43,4
05-15-2018 05:52:13.2,82,12
05-15-2018 05:52:13.5,81,12
05-15-2018 05:52:15.2,82,2
05-15-2018 05:52:15.2,151,3
05-15-2018 05:52:15.2,47,2
05-15-2018 05:52:15.2,47,3
05-15-2018 05:52:15.2,47,6
05-15-2018 05:52:15.2,49,3
05-15-2018 05:52:15.3,81,2
05-15-2018 05:52:15.4,48,3
05-15-2018 05:52:15.5,82,15
05-15-2018 05:52:15.5,4,2
05-15-2018 05:52:15.8,81,15
05-15-2018 05:52:18.7,82,12
05-15-2018 05:52:18.9,81,12
05-15-2018 05:52:20.5,82,2
05-15-2018 05:52:20.6,81,2
05-15-2018 05:52:20.8,4,2
05-15-2018 05:52:20.9,82,11
05-15-2018 05:52:21.1,81,11
05-15-2018 05:52:21.9,82,12
05-15-2018 05:52:22.2,81,12
05-15-2018 05:52:22.6,82,2
05-15-2018 05:52:22.8,81,2
05-15-2018 05:52:23.0,4,2
05-15-2018 05:52:24.2,82,2
05-15-2018 05:52:24.3,82,12
05-15-2018 05:52:24.4,81,2
05-15-2018 05:52:24.6,4,2
05-15-2018 05:52:24.7,81,12
05-15-2018 05:52:25.0,82,21
05-15-2018 05:52:25.4,81,21
05-15-2018 05:52:26.5,82,2
05-15-2018 05:52:26.7,81,2
05-15-2018 05:52:26.7,82,11
05-15-2018 05:52:26.9,4,2
05-15-2018 05:52:27.0,81,11
05-15-2018 05:52:27.4,82,9
05-15-2018 05:52:27.8,81,9
05-15-2018 05:52:28.4,82,2
05-15-2018 05:52:28.5,81,2
05-15-2018 05:52:28.7,4,2
05-15-2018 05:52:29.9,82,22
05-15-2018 05:52:30.8,81,22
05-15-2018 05:52:32.7,82,10
05-15-2018 05:52:33.1,82,12
05-15-2018 05:52:33.1,46,3
05-15-2018 05:52:33.6,81,10
05-15-2018 05:52:33.7,81,12
05-15-2018 05:52:33.7,82,22
05-15-2018 05:52:34.3,81,22
05-15-2018 05:52:34.6,82,16
05-15-2018 05:52:35.0,81,16
05-15-2018 05:52:36.7,82,2
05-15-2018 05:52:36.7,82,10
05-15-2018 05:52:36.9,81,2
05-15-2018 05:52:37.1,81,10
05-15-2018 05:52:40.5,4,2
05-15-2018 05:52:41.3,82,15
05-15-2018 05:52:42.2,81,15
05-15-2018 05:52:43.1,151,4
05-15-2018 05:52:43.1,7,2
05-15-2018 05:52:43.1,7,6
05-15-2018 05:52:43.1,8,2
05-15-2018 05:52:43.1,8,6
05-15-2018 05:52:43.1,6,6
05-15-2018 05:52:43.1,47,4
05-15-2018 05:52:43.1,49,4
05-15-2018 05:52:43.2,151,1
05-15-2018 05:52:43.2,151,5
05-15-2018 05:52:43.2,151,7
05-15-2018 05:52:43.2,151,8
05-15-2018 05:52:43.2,2,2
05-15-2018 05:52:43.2,2,6
05-15-2018 05:52:43.2,47,1
05-15-2018 05:52:43.2,47,5
05-15-2018 05:52:43.2,49,1
05-15-2018 05:52:43.2,49,5
05-15-2018 05:52:45.5,82,15
05-15-2018 05:52:46.0,81,15
05-15-2018 05:52:47.1,9,2
05-15-2018 05:52:47.1,9,6
05-15-2018 05:52:47.1,10,2
05-15-2018 05:52:47.1,10,6
05-15-2018 05:52:48.1,12,2
05-15-2018 05:52:48.1,12,6
05-15-2018 05:52:48.1,11,2
05-15-2018 05:52:48.1,11,6
05-15-2018 05:52:48.1,0,4
05-15-2018 05:52:48.1,1,4
05-15-2018 05:52:48.1,31,1
05-15-2018 05:52:48.2,49,2
05-15-2018 05:52:48.2,49,6
05-15-2018 05:52:48.2,48,4
05-15-2018 05:52:48.2,41,2
05-15-2018 05:52:48.2,41,6
05-15-2018 05:52:51.7,82,13
05-15-2018 05:52:52.1,3,4
05-15-2018 05:52:52.8,81,4
05-15-2018 05:52:52.8,44,4
05-15-2018 05:52:53.2,82,11
05-15-2018 05:52:53.3,81,13
05-15-2018 05:52:53.7,81,11
05-15-2018 05:52:53.9,82,12
05-15-2018 05:52:54.7,81,12
05-15-2018 05:52:55.6,7,4
05-15-2018 05:52:55.6,8,4
05-15-2018 05:52:55.6,4,4
05-15-2018 05:52:56.3,82,22
05-15-2018 05:52:56.7,81,22
05-15-2018 05:52:57.4,82,2
05-15-2018 05:52:57.5,81,2
05-15-2018 05:52:58.1,82,21
05-15-2018 05:52:58.3,81,21
05-15-2018 05:52:58.4,82,12
05-15-2018 05:52:58.7,82,2
05-15-2018 05:52:58.7,82,10
05-15-2018 05:52:58.8,81,2
05-15-2018 05:52:58.9,81,12
05-15-2018 05:52:59.1,9,4
05-15-2018 05:52:59.1,10,4
05-15-2018 05:52:59.2,81,10
05-15-2018 05:53:00.1,12,4
05-15-2018 05:53:00.1,11,4
05-15-2018 05:53:00.1,0,2
05-15-2018 05:53:00.1,0,6
05-15-2018 05:53:00.1,1,2
05-15-2018 05:53:00.1,1,6
05-15-2018 05:53:00.1,31,1
05-15-2018 05:53:00.2,43,6
05-15-2018 05:53:00.3,4,2
05-15-2018 05:53:00.6,82,9
05-15-2018 05:53:00.7,82,22
05-15-2018 05:53:00.8,81,9
05-15-2018 05:53:01.2,81,22
05-15-2018 05:53:02.6,82,2
05-15-2018 05:53:02.7,81,2
05-15-2018 05:53:03.5,82,10
05-15-2018 05:53:03.7,81,10
05-15-2018 05:53:03.9,82,12
05-15-2018 05:53:04.4,81,12
05-15-2018 05:53:06.6,82,2
05-15-2018 05:53:06.8,81,2
05-15-2018 05:53:07.1,82,22
05-15-2018 05:53:07.4,82,15
05-15-2018 05:53:07.6,81,22
05-15-2018 05:53:07.8,81,15
05-15-2018 05:53:08.9,82,16
05-15-2018 05:53:09.3,81,16
05-15-2018 05:53:09.8,82,10
05-15-2018 05:53:10.3,81,10
05-15-2018 05:53:11.5,82,15
05-15-2018 05:53:11.8,82,4
05-15-2018 05:53:11.8,2,4
05-15-2018 05:53:11.8,43,4
05-15-2018 05:53:11.9,81,15
05-15-2018 05:53:11.9,46,4
05-15-2018 05:53:12.7,4,2
05-15-2018 05:53:13.3,81,4
05-15-2018 05:53:13.3,44,4
05-15-2018 05:53:14.3,82,21
05-15-2018 05:53:14.6,81,21
05-15-2018 05:53:16.1,3,2
05-15-2018 05:53:16.1,3,6
05-15-2018 05:53:16.3,82,9
05-15-2018 05:53:16.6,81,9
05-15-2018 05:53:18.1,82,15
05-15-2018 05:53:18.6,81,15
05-15-2018 05:53:21.9,44,6
05-15-2018 05:53:22.1,48,1
05-15-2018 05:53:22.1,48,5
05-15-2018 05:53:22.6,82,16
05-15-2018 05:53:22.9,81,16
05-15-2018 05:53:32.3,82,1
05-15-2018 05:53:33.6,82,20
05-15-2018 05:53:34.2,81,1
05-15-2018 05:53:35.1,81,20
05-15-2018 05:53:39.8,46,1
05-15-2018 05:53:45.8,46,5
05-15-2018 05:53:54.3,150,5
05-15-2018 05:53:54.3,48,2
05-15-2018 05:53:54.3,48,6
05-15-2018 05:53:54.4,150,1
05-15-2018 05:53:55.8,82,22
05-15-2018 05:53:56.1,81,22
05-15-2018 05:53:58.0,82,10
05-15-2018 05:53:58.3,81,10
05-15-2018 05:54:04.4,82,21
05-15-2018 05:54:04.5,82,15
05-15-2018 05:54:04.6,82,12
05-15-2018 05:54:04.7,81,21
05-15-2018 05:54:04.8,81,15
05-15-2018 05:54:04.9,81,12
05-15-2018 05:54:06.7,82,2
05-15-2018 05:54:06.8,81,2
05-15-2018 05:54:07.0,82,9
05-15-2018 05:54:07.3,82,22
05-15-2018 05:54:07.4,81,9
05-15-2018 05:54:07.6,81,22
05-15-2018 05:54:07.6,82,11
05-15-2018 05:54:08.0,81,11
05-15-2018 05:54:08.9,82,22
05-15-2018 05:54:09.3,81,22
05-15-2018 05:54:09.9,82,2
05-15-2018 05:54:10.0,81,2
05-15-2018 05:54:10.0,82,10
05-15-2018 05:54:10.1,82,22
05-15-2018 05:54:10.2,81,10
05-15-2018 05:54:10.6,81,22
05-15-2018 05:54:11.7,82,10
05-15-2018 05:54:12.1,81,10
05-15-2018 05:54:12.4,82,22
05-15-2018 05:54:12.8,81,22
05-15-2018 05:54:13.1,82,10
05-15-2018 05:54:13.6,81,10
05-15-2018 05:54:15.0,82,10
05-15-2018 05:54:15.0,82,16
05-15-2018 05:54:15.5,81,10
05-15-2018 05:54:15.5,81,16
05-15-2018 05:54:15.9,4,2
05-15-2018 05:54:17.8,82,15
05-15-2018 05:54:18.2,81,15
05-15-2018 05:54:19.7,82,15
05-15-2018 05:54:20.1,81,15
05-15-2018 05:54:20.6,82,4
05-15-2018 05:54:20.6,2,4
05-15-2018 05:54:20.6,43,4
05-15-2018 05:54:20.7,81,4
05-15-2018 05:54:20.7,44,4
05-15-2018 05:54:22.7,82,15
05-15-2018 05:54:23.2,81,15
05-15-2018 05:54:25.9,82,12
05-15-2018 05:54:26.8,81,12
05-15-2018 05:54:28.8,82,2
05-15-2018 05:54:28.9,81,2
05-15-2018 05:54:29.6,82,22
05-15-2018 05:54:30.3,81,22
05-15-2018 05:54:33.2,82,10
05-15-2018 05:54:33.7,81,10
05-15-2018 05:54:34.8,4,2
05-15-2018 05:54:38.4,82,12
05-15-2018 05:54:38.4,82,22
05-15-2018 05:54:38.8,81,12
05-15-2018 05:54:38.8,81,22
05-15-2018 05:54:40.2,82,22
05-15-2018 05:54:40.3,82,21
05-15-2018 05:54:40.6,81,22
05-15-2018 05:54:40.7,81,21
05-15-2018 05:54:40.7,82,10
05-15-2018 05:54:40.8,82,2
05-15-2018 05:54:40.9,81,2
05-15-2018 05:54:41.1,81,10
05-15-2018 05:54:41.1,82,21
05-15-2018 05:54:41.5,81,21
05-15-2018 05:54:42.2,82,15
05-15-2018 05:54:42.6,81,15
05-15-2018 05:54:42.6,82,9
05-15-2018 05:54:42.8,82,10
05-15-2018 05:54:42.9,81,9
05-15-2018 05:54:43.1,81,10
05-15-2018 05:54:43.1,82,4
05-15-2018 05:54:43.1,2,4
05-15-2018 05:54:43.1,43,4
05-15-2018 05:54:43.2,81,4
05-15-2018 05:54:43.2,44,4
05-15-2018 05:54:43.3,82,4
05-15-2018 05:54:43.3,2,4
05-15-2018 05:54:43.3,43,4
05-15-2018 05:54:43.4,81,4
05-15-2018 05:54:43.4,82,9
05-15-2018 05:54:43.4,44,4
05-15-2018 05:54:43.8,81,9
05-15-2018 05:54:44.2,82,11
05-15-2018 05:54:44.5,81,11
05-15-2018 05:54:46.1,82,2
05-15-2018 05:54:46.2,81,2
05-15-2018 05:54:46.8,82,11
05-15-2018 05:54:47.1,81,11
05-15-2018 05:54:48.8,82,15
05-15-2018 05:54:48.9,82,2
05-15-2018 05:54:49.0,81,2
05-15-2018 05:54:49.2,81,15
05-15-2018 05:54:49.6,82,16
05-15-2018 05:54:50.0,81,16
05-15-2018 05:54:50.3,82,16
05-15-2018 05:54:50.7,81,16
05-15-2018 05:54:51.1,82,15
05-15-2018 05:54:51.5,81,15
05-15-2018 05:54:52.4,82,21
05-15-2018 05:54:53.0,81,21
05-15-2018 05:54:53.2,82,12
05-15-2018 05:54:53.4,81,12
05-15-2018 05:54:54.9,4,2
05-15-2018 05:54:55.5,82,2
05-15-2018 05:54:55.6,81,2
05-15-2018 05:54:56.3,82,22
05-15-2018 05:54:56.5,82,9
05-15-2018 05:54:56.7,81,22
05-15-2018 05:54:57.1,81,9
05-15-2018 05:54:58.5,82,10
05-15-2018 05:54:58.8,81,10
05-15-2018 05:55:01.5,4,2
05-15-2018 05:55:04.3,82,1
05-15-2018 05:55:04.3,82,11
05-15-2018 05:55:04.5,82,22
05-15-2018 05:55:04.7,81,11
05-15-2018 05:55:04.9,81,22
05-15-2018 05:55:05.0,82,15
05-15-2018 05:55:05.3,81,15
05-15-2018 05:55:06.3,82,20
05-15-2018 05:55:06.7,82,10
05-15-2018 05:55:06.9,81,1
05-15-2018 05:55:06.9,82,2
05-15-2018 05:55:07.1,81,2
05-15-2018 05:55:07.1,81,10
05-15-2018 05:55:07.2,82,22
05-15-2018 05:55:07.5,81,22
05-15-2018 05:55:09.6,82,10
05-15-2018 05:55:10.0,81,10
05-15-2018 05:55:10.2,81,20
05-15-2018 05:55:11.4,82,12
05-15-2018 05:55:11.7,81,12
05-15-2018 05:55:13.0,4,2
05-15-2018 05:55:13.4,82,2
05-15-2018 05:55:13.5,81,2
05-15-2018 05:55:17.2,82,4
05-15-2018 05:55:17.2,2,4
05-15-2018 05:55:17.2,43,4
05-15-2018 05:55:19.3,42,6
05-15-2018 05:55:19.3,46,6
05-15-2018 05:55:19.4,4,2
05-15-2018 05:55:20.3,81,4
05-15-2018 05:55:20.3,44,4
05-15-2018 05:55:21.9,82,4
05-15-2018 05:55:21.9,2,4
05-15-2018 05:55:21.9,43,4
05-15-2018 05:55:24.3,82,15
05-15-2018 05:55:24.6,81,15
05-15-2018 05:55:25.3,42,2
05-15-2018 05:55:25.3,46,2
05-15-2018 05:55:29.3,151,3
05-15-2018 05:55:29.3,47,2
05-15-2018 05:55:29.3,47,3
05-15-2018 05:55:29.3,47,6
05-15-2018 05:55:29.3,49,3
05-15-2018 05:55:29.5,48,3
05-15-2018 05:55:30.1,82,12
05-15-2018 05:55:30.3,81,12
05-15-2018 05:55:32.1,82,2
05-15-2018 05:55:32.2,81,2
05-15-2018 05:55:38.1,4,2
05-15-2018 05:55:47.2,46,3
05-15-2018 05:55:52.8,82,21
05-15-2018 05:55:53.0,81,21
05-15-2018 05:55:54.9,82,9
05-15-2018 05:55:55.2,81,9
05-15-2018 05:55:57.2,151,4
05-15-2018 05:55:57.2,7,2
05-15-2018 05:55:57.2,7,6
05-15-2018 05:55:57.2,8,2
05-15-2018 05:55:57.2,8,6
05-15-2018 05:55:57.2,6,6
05-15-2018 05:55:57.2,47,4
05-15-2018 05:55:57.2,49,4
05-15-2018 05:55:57.3,151,1
05-15-2018 05:55:57.3,151,5
05-15-2018 05:55:57.3,151,7
05-15-2018 05:55:57.3,151,8
05-15-2018 05:55:57.3,2,2
05-15-2018 05:55:57.3,2,6
05-15-2018 05:55:57.3,47,1
05-15-2018 05:55:57.3,47,5
05-15-2018 05:55:57.3,49,1
05-15-2018 05:55:57.3,49,5
05-15-2018 05:56:01.1,82,16
05-15-2018 05:56:01.2,9,2
05-15-2018 05:56:01.2,9,6
05-15-2018 05:56:01.2,10,2
05-15-2018 05:56:01.2,10,6
05-15-2018 05:56:01.4,81,16
05-15-2018 05:56:02.2,12,2
05-15-2018 05:56:02.2,12,6
05-15-2018 05:56:02.2,11,2
05-15-2018 05:56:02.2,11,6
05-15-2018 05:56:02.2,0,4
05-15-2018 05:56:02.2,1,4
05-15-2018 05:56:02.2,31,1
05-15-2018 05:56:02.3,49,2
05-15-2018 05:56:02.3,49,6
05-15-2018 05:56:02.3,48,4
05-15-2018 05:56:02.3,41,2
05-15-2018 05:56:02.3,41,6
05-15-2018 05:56:05.9,82,14
05-15-2018 05:56:06.2,3,4
05-15-2018 05:56:07.1,81,4
05-15-2018 05:56:07.1,44,4
05-15-2018 05:56:07.9,81,14
05-15-2018 05:56:09.9,7,4
05-15-2018 05:56:09.9,8,4
05-15-2018 05:56:09.9,4,4
05-15-2018 05:56:13.4,9,4
05-15-2018 05:56:13.4,10,4
05-15-2018 05:56:14.4,12,4
05-15-2018 05:56:14.4,11,4
05-15-2018 05:56:14.4,0,2
05-15-2018 05:56:14.4,0,6
05-15-2018 05:56:14.4,1,2
05-15-2018 05:56:14.4,1,6
05-15-2018 05:56:14.4,31,1
05-15-2018 05:56:14.5,43,6
05-15-2018 05:56:14.6,4,2
05-15-2018 05:56:25.9,46,4
05-15-2018 05:56:30.4,3,2
05-15-2018 05:56:30.4,3,6
05-15-2018 05:56:32.1,82,11
05-15-2018 05:56:32.4,81,11
05-15-2018 05:56:34.1,82,2
05-15-2018 05:56:34.2,81,2
05-15-2018 05:56:35.9,44,6
05-15-2018 05:56:36.1,48,1
05-15-2018 05:56:36.1,48,5
05-15-2018 05:56:38.0,82,22
05-15-2018 05:56:38.5,81,22
05-15-2018 05:56:40.1,82,12
05-15-2018 05:56:40.1,4,2
05-15-2018 05:56:40.4,81,12
05-15-2018 05:56:41.4,82,10
05-15-2018 05:56:41.8,81,10
05-15-2018 05:56:42.2,82,2
05-15-2018 05:56:42.3,81,2
05-15-2018 05:56:45.3,82,11
05-15-2018 05:56:45.6,81,11
05-15-2018 05:56:47.7,82,2
05-15-2018 05:56:47.8,81,2
05-15-2018 05:56:49.9,82,15
05-15-2018 05:56:50.2,81,15
05-15-2018 05:56:50.9,82,4
05-15-2018 05:56:50.9,2,4
05-15-2018 05:56:50.9,43,4
05-15-2018 05:56:53.2,81,4
05-15-2018 05:56:53.2,44,4
05-15-2018 05:56:53.7,4,2
05-15-2018 05:56:53.8,46,1
05-15-2018 05:56:55.6,82,4
05-15-2018 05:56:55.6,2,4
05-15-2018 05:56:55.6,43,4
05-15-2018 05:56:59.8,46,5
05-15-2018 05:57:05.4,82,22
05-15-2018 05:57:05.8,81,22
05-15-2018 05:57:07.5,82,10
05-15-2018 05:57:07.7,82,11
05-15-2018 05:57:07.8,81,10
05-15-2018 05:57:08.3,81,11
05-15-2018 05:57:10.6,82,2
05-15-2018 05:57:10.7,81,2
05-15-2018 05:57:13.5,82,15
05-15-2018 05:57:13.8,81,15
05-15-2018 05:57:14.3,150,5
05-15-2018 05:57:14.3,48,2
05-15-2018 05:57:14.3,48,6
05-15-2018 05:57:14.4,150,1
05-15-2018 05:57:16.6,4,2
05-15-2018 05:57:18.1,82,22
05-15-2018 05:57:18.2,82,21
05-15-2018 05:57:18.4,81,21
05-15-2018 05:57:18.4,81,22
05-15-2018 05:57:20.3,82,9
05-15-2018 05:57:20.4,82,11
05-15-2018 05:57:20.7,81,11
05-15-2018 05:57:20.8,81,9
05-15-2018 05:57:21.0,82,10
05-15-2018 05:57:21.3,81,10
05-15-2018 05:57:21.8,82,22
05-15-2018 05:57:22.2,81,22
05-15-2018 05:57:22.7,82,2
05-15-2018 05:57:22.8,81,2
05-15-2018 05:57:22.9,82,12
05-15-2018 05:57:23.2,81,12
05-15-2018 05:57:24.2,82,10
05-15-2018 05:57:24.3,82,22
05-15-2018 05:57:24.5,82,21
05-15-2018 05:57:24.6,81,10
05-15-2018 05:57:24.7,81,22
05-15-2018 05:57:24.7,82,2
05-15-2018 05:57:24.8,81,2
05-15-2018 05:57:24.9,81,21
05-15-2018 05:57:26.8,82,9
05-15-2018 05:57:26.9,82,10
05-15-2018 05:57:26.9,82,16
05-15-2018 05:57:27.1,81,16
05-15-2018 05:57:27.3,81,9
05-15-2018 05:57:27.3,81,10
05-15-2018 05:57:27.8,4,2
05-15-2018 05:57:27.9,82,22
05-15-2018 05:57:28.4,81,22
05-15-2018 05:57:29.2,82,15
05-15-2018 05:57:29.5,82,11
05-15-2018 05:57:29.6,81,15
05-15-2018 05:57:29.8,81,11
05-15-2018 05:57:31.1,82,10
05-15-2018 05:57:31.6,81,10
05-15-2018 05:57:31.6,82,15
05-15-2018 05:57:31.8,82,2
05-15-2018 05:57:31.9,81,2
05-15-2018 05:57:31.9,81,15
05-15-2018 05:57:33.0,4,2
05-15-2018 05:57:33.7,82,16
05-15-2018 05:57:34.0,81,16
05-15-2018 05:57:34.6,82,15
05-15-2018 05:57:35.1,81,15
05-15-2018 05:57:40.2,82,12
05-15-2018 05:57:40.5,81,12
05-15-2018 05:57:42.4,82,2
05-15-2018 05:57:42.6,81,2
05-15-2018 05:57:42.8,4,2
05-15-2018 05:57:46.2,82,11
05-15-2018 05:57:47.5,81,11
05-15-2018 05:57:48.8,82,2
05-15-2018 05:57:49.0,81,2
05-15-2018 05:57:49.2,4,2
05-15-2018 05:57:59.9,82,22
05-15-2018 05:58:00.3,81,22
05-15-2018 05:58:02.5,82,10
05-15-2018 05:58:02.8,81,10
05-15-2018 05:58:04.8,82,22
05-15-2018 05:58:05.0,81,22
05-15-2018 05:58:06.9,82,10
05-15-2018 05:58:07.2,81,10
05-15-2018 05:58:08.9,82,11
05-15-2018 05:58:09.3,81,11
05-15-2018 05:58:10.2,82,15
05-15-2018 05:58:10.6,81,15
05-15-2018 05:58:11.2,82,2
05-15-2018 05:58:11.3,81,2
05-15-2018 05:58:11.5,4,2
05-15-2018 05:58:20.9,82,12
05-15-2018 05:58:21.4,81,12
05-15-2018 05:58:21.6,82,16
05-15-2018 05:58:23.0,82,2
05-15-2018 05:58:23.1,81,2
05-15-2018 05:58:23.3,4,2
05-15-2018 05:58:24.0,81,16
05-15-2018 05:58:24.6,82,15
05-15-2018 05:58:25.9,81,15
05-15-2018 05:58:28.7,82,11
05-15-2018 05:58:28.7,82,22
05-15-2018 05:58:28.9,81,11
05-15-2018 05:58:29.1,81,22
05-15-2018 05:58:30.6,82,11
05-15-2018 05:58:31.1,81,11
05-15-2018 05:58:31.1,82,15
05-15-2018 05:58:31.3,82,2
05-15-2018 05:58:31.5,81,2
05-15-2018 05:58:31.5,82,10
05-15-2018 05:58:31.7,81,15
05-15-2018 05:58:31.7,82,22
05-15-2018 05:58:31.7,4,2
05-15-2018 05:58:32.1,81,10
05-15-2018 05:58:32.1,81,22
05-15-2018 05:58:33.4,82,2
05-15-2018 05:58:33.6,81,2
05-15-2018 05:58:33.8,4,2
05-15-2018 05:58:34.1,82,10
05-15-2018 05:58:34.6,81,10
05-15-2018 05:58:39.3,42,6
05-15-2018 05:58:39.3,46,6
05-15-2018 05:58:40.0,82,15
05-15-2018 05:58:40.5,81,15
05-15-2018 05:58:41.4,82,15
05-15-2018 05:58:41.8,81,15
05-15-2018 05:58:43.2,82,12
05-15-2018 05:58:43.7,81,12
05-15-2018 05:58:45.2,82,2
05-15-2018 05:58:45.3,81,2
05-15-2018 05:58:45.3,42,2
05-15-2018 05:58:45.3,46,2
05-15-2018 05:58:45.5,4,2
05-15-2018 05:58:45.7,82,11
05-15-2018 05:58:46.3,81,11
05-15-2018 05:58:48.3,82,2
05-15-2018 05:58:48.5,81,2
05-15-2018 05:58:48.7,4,2
05-15-2018 05:58:49.1,82,11
05-15-2018 05:58:49.3,151,3
05-15-2018 05:58:49.3,47,2
05-15-2018 05:58:49.3,47,3
05-15-2018 05:58:49.3,47,6
05-15-2018 05:58:49.3,49,3
05-15-2018 05:58:49.4,81,11
05-15-2018 05:58:49.5,48,3
05-15-2018 05:58:50.3,82,12
05-15-2018 05:58:50.8,81,12
05-15-2018 05:58:51.4,82,2
05-15-2018 05:58:51.6,81,2
05-15-2018 05:58:51.8,4,2
05-15-2018 05:58:52.8,82,2
05-15-2018 05:58:52.9,81,2
05-15-2018 05:58:53.1,4,2
05-15-2018 05:58:59.3,82,11
05-15-2018 05:58:59.6,81,11
05-15-2018 05:59:00.7,82,12
05-15-2018 05:59:01.0,81,12
05-15-2018 05:59:01.2,82,2
05-15-2018 05:59:01.3,81,2
05-15-2018 05:59:01.5,4,2
05-15-2018 05:59:02.3,82,21
05-15-2018 05:59:02.7,81,21
05-15-2018 05:59:02.7,82,22
05-15-2018 05:59:03.1,81,22
05-15-2018 05:59:03.2,82,2
05-15-2018 05:59:03.4,81,2
05-15-2018 05:59:03.6,4,2
05-15-2018 05:59:04.7,82,9
05-15-2018 05:59:05.2,81,9
05-15-2018 05:59:05.3,82,10
05-15-2018 05:59:05.7,81,10
05-15-2018 05:59:06.2,82,22
05-15-2018 05:59:06.5,81,22
05-15-2018 05:59:07.2,46,3
05-15-2018 05:59:07.4,82,22
05-15-2018 05:59:07.6,81,22
05-15-2018 05:59:08.2,82,21
05-15-2018 05:59:08.5,82,10
05-15-2018 05:59:08.5,82,22
05-15-2018 05:59:08.7,81,10
05-15-2018 05:59:08.8,81,21
05-15-2018 05:59:08.9,81,22
05-15-2018 05:59:09.4,82,12
05-15-2018 05:59:09.8,82,10
05-15-2018 05:59:09.9,81,12
05-15-2018 05:59:10.0,81,10
05-15-2018 05:59:10.9,82,10
05-15-2018 05:59:11.0,82,9
05-15-2018 05:59:11.2,81,10
05-15-2018 05:59:11.5,81,9
05-15-2018 05:59:11.8,82,2
05-15-2018 05:59:11.8,82,16
05-15-2018 05:59:11.9,82,11
05-15-2018 05:59:12.0,81,2
05-15-2018 05:59:12.2,81,16
05-15-2018 05:59:12.2,4,2
05-15-2018 05:59:12.3,81,11
05-15-2018 05:59:12.5,82,22
05-15-2018 05:59:12.9,81,22
05-15-2018 05:59:13.3,82,15
05-15-2018 05:59:13.7,81,15
05-15-2018 05:59:14.0,82,2
05-15-2018 05:59:14.1,81,2
05-15-2018 05:59:14.3,4,2
05-15-2018 05:59:15.1,82,10
05-15-2018 05:59:15.4,82,15
05-15-2018 05:59:15.5,81,10
05-15-2018 05:59:15.7,81,15
05-15-2018 05:59:16.3,82,15
05-15-2018 05:59:16.6,81,15
05-15-2018 05:59:17.0,82,11
05-15-2018 05:59:17.2,151,4
05-15-2018 05:59:17.2,7,2
05-15-2018 05:59:17.2,7,6
05-15-2018 05:59:17.2,8,2
05-15-2018 05:59:17.2,8,6
05-15-2018 05:59:17.2,6,6
05-15-2018 05:59:17.2,47,4
05-15-2018 05:59:17.2,49,4
05-15-2018 05:59:17.3,82,15
05-15-2018 05:59:17.3,151,1
05-15-2018 05:59:17.3,151,5
05-15-2018 05:59:17.3,151,7
05-15-2018 05:59:17.3,151,8
05-15-2018 05:59:17.3,2,2
05-15-2018 05:59:17.3,2,6
05-15-2018 05:59:17.3,47,1
05-15-2018 05:59:17.3,47,5
05-15-2018 05:59:17.3,49,1
05-15-2018 05:59:17.3,49,5
05-15-2018 05:59:17.4,81,11
05-15-2018 05:59:17.6,81,15
05-15-2018 05:59:19.2,82,16
05-15-2018 05:59:19.7,81,16
05-15-2018 05:59:19.9,82,2
05-15-2018 05:59:20.0,81,2
05-15-2018 05:59:21.2,9,2
05-15-2018 05:59:21.2,9,6
05-15-2018 05:59:21.2,10,2
05-15-2018 05:59:21.2,10,6
05-15-2018 05:59:21.8,82,11
05-15-2018 05:59:22.1,81,11
05-15-2018 05:59:22.2,12,2
05-15-2018 05:59:22.2,12,6
05-15-2018 05:59:22.2,11,2
05-15-2018 05:59:22.2,11,6
05-15-2018 05:59:22.2,0,4
05-15-2018 05:59:22.2,1,4
05-15-2018 05:59:22.2,31,1
05-15-2018 05:59:22.3,49,2
05-15-2018 05:59:22.3,49,6
05-15-2018 05:59:22.3,48,4
05-15-2018 05:59:22.3,41,2
05-15-2018 05:59:22.3,41,6
05-15-2018 05:59:24.5,82,5
05-15-2018 05:59:25.1,82,13
05-15-2018 05:59:25.3,82,2
05-15-2018 05:59:25.4,81,2
05-15-2018 05:59:26.2,82,14
05-15-2018 05:59:26.2,3,4
05-15-2018 05:59:26.4,81,4
05-15-2018 05:59:26.4,44,4
05-15-2018 05:59:26.5,82,1
05-15-2018 05:59:26.8,81,13
05-15-2018 05:59:26.9,82,4
05-15-2018 05:59:26.9,43,4
05-15-2018 05:59:27.5,81,14
05-15-2018 05:59:27.5,2,5
05-15-2018 05:59:27.5,43,5
05-15-2018 05:59:29.1,82,13
05-15-2018 05:59:29.5,2,1
05-15-2018 05:59:29.5,43,1
05-15-2018 05:59:29.9,81,4
05-15-2018 05:59:29.9,44,4
05-15-2018 05:59:30.1,81,13
05-15-2018 05:59:31.0,82,4
05-15-2018 05:59:31.0,43,4
05-15-2018 05:59:32.9,81,4
05-15-2018 05:59:32.9,44,4
05-15-2018 05:59:35.0,82,15
05-15-2018 05:59:35.7,7,4
05-15-2018 05:59:35.7,8,4
05-15-2018 05:59:35.7,4,4
05-15-2018 05:59:36.4,81,15
05-15-2018 05:59:36.6,82,4
05-15-2018 05:59:36.6,2,4
05-15-2018 05:59:36.6,43,4
05-15-2018 05:59:38.7,81,4
05-15-2018 05:59:38.7,44,4
05-15-2018 05:59:39.2,9,4
05-15-2018 05:59:39.2,10,4
05-15-2018 05:59:40.2,12,4
05-15-2018 05:59:40.2,11,4
05-15-2018 05:59:40.2,0,1
05-15-2018 05:59:40.2,0,5
05-15-2018 05:59:40.2,1,1
05-15-2018 05:59:40.2,1,5
05-15-2018 05:59:40.2,31,1
05-15-2018 05:59:42.0,82,4
05-15-2018 05:59:42.0,2,4
05-15-2018 05:59:42.0,43,4
05-15-2018 05:59:43.2,3,1
05-15-2018 05:59:43.2,3,5
05-15-2018 05:59:43.9,82,17
05-15-2018 05:59:44.5,82,20
05-15-2018 05:59:45.0,81,5
05-15-2018 05:59:45.0,44,5
05-15-2018 05:59:45.1,81,1
05-15-2018 05:59:45.1,44,1
05-15-2018 05:59:45.6,81,17
05-15-2018 05:59:45.9,46,4
05-15-2018 05:59:46.1,81,20
05-15-2018 05:59:46.3,82,11
05-15-2018 05:59:46.7,81,11
05-15-2018 05:59:46.8,7,5
05-15-2018 05:59:46.8,8,5
05-15-2018 05:59:46.8,4,5
05-15-2018 05:59:47.9,7,1
05-15-2018 05:59:47.9,8,1
05-15-2018 05:59:47.9,4,1
05-15-2018 05:59:48.3,82,22
05-15-2018 05:59:48.5,81,22
05-15-2018 05:59:50.0,82,2
05-15-2018 05:59:50.1,81,2
05-15-2018 05:59:50.3,9,5
05-15-2018 05:59:50.3,10,5
05-15-2018 05:59:50.4,82,10
05-15-2018 05:59:50.7,81,10
05-15-2018 05:59:50.8,12,5
05-15-2018 05:59:50.8,11,5
05-15-2018 05:59:50.8,0,6
05-15-2018 05:59:50.8,1,6
05-15-2018 05:59:50.9,43,6
05-15-2018 05:59:51.4,9,1
05-15-2018 05:59:51.4,10,1
05-15-2018 05:59:51.9,12,1
05-15-2018 05:59:51.9,11,1
05-15-2018 05:59:51.9,0,2
05-15-2018 05:59:51.9,1,2
05-15-2018 05:59:52.1,4,2
05-15-2018 05:59:55.5,44,6
05-15-2018 05:59:55.7,48,1
05-15-2018 05:59:55.7,48,5
05-15-2018 05:59:58.0,82,15
05-15-2018 05:59:58.3,81,15
